순위,단어,품사,초성,은이-는가
1195,가게,명,ㄱㄱ,1
898,가격,명,ㄱㄱ,0
2986,가구,명,ㄱㄱ,1
7434,가구,명,ㄱㄱ,1
3560,가까이,명,ㄱㄲㅇ,1
5071,가난,명,ㄱㄴ,0
6942,가능,명,ㄱㄴ,0
483,가능성,명,ㄱㄴㅅ,0
9014,가로,명,ㄱㄹ,1
5311,가로등,명,ㄱㄹㄷ,0
8286,가로수,명,ㄱㄹㅅ,1
2789,가루,명,ㄱㄹ,1
2884,가르침,명,ㄱㄹㅊ,0
4755,가뭄,명,ㄱㅁ,0
1530,가방,명,ㄱㅂ,0
4483,가사,명,ㄱㅅ,1
3784,가상,명,ㄱㅅ,0
2000,가수,명,ㄱㅅ,1
2053,가스,명,ㄱㅅ,1
384,가슴,명,ㄱㅅ,0
3904,가슴속,명,ㄱㅅㅅ,0
6526,가요,명,ㄱㅇ,1
264,가운데,명,ㄱㅇㄷ,1
6172,가위,명,ㄱㅇ,1
1268,가을,명,ㄱㅇ,0
5167,가이드,명,ㄱㅇㄷ,1
4397,가입,명,ㄱㅇ,0
4484,가입자,명,ㄱㅇㅈ,1
3454,가장,명,ㄱㅈ,0
715,가정,명,ㄱㅈ,0
4398,가정,명,ㄱㅈ,0
6349,가정교사,명,ㄱㅈㄱㅅ,1
409,가족,명,ㄱㅈ,0
5072,가죽,명,ㄱㅈ,0
2124,가지,명,ㄱㅈ,1
4668,가짜,명,ㄱㅉ,1
550,가치,명,ㄱㅊ,1
3063,가치관,명,ㄱㅊㄱ,0
8645,가톨릭,명,ㄱㅌㄹ,0
4178,각각,명,ㄱㄱ,0
2885,각국,명,ㄱㄱ,0
5706,각오,명,ㄱㅇ,1
3785,각자,명,ㄱㅈ,1
815,각종,명,ㄱㅈ,0
3905,간,명,ㄱ,0
3620,간,명,ㄱ,0
4179,간격,명,ㄱㄱ,0
2187,간부,명,ㄱㅂ,1
4577,간섭,명,ㄱㅅ,0
8290,간식,명,ㄱㅅ,0
3100,간장,명,ㄱㅈ,0
4756,간접,명,ㄱㅈ,0
6735,간접적,명,ㄱㅈㅈ,0
3906,간판,명,ㄱㅍ,0
7977,간호,명,ㄱㅎ,1
7438,간호사,명,ㄱㅎㅅ,1
1010,갈등,명,ㄱㄷ,0
12246,갈비,명,ㄱㅂ,1
38470,갈비탕,명,ㄱㅂㅌ,0
3342,갈색,명,ㄱㅅ,0
4578,갈증,명,ㄱㅈ,0
8293,감,명,ㄱ,0
5312,감,명,ㄱ,0
1240,감각,명,ㄱㄱ,0
3343,감기,명,ㄱㄱ,1
671,감독,명,ㄱㄷ,0
2432,감동,명,ㄱㄷ,0
7161,감동적,명,ㄱㄷㅈ,0
6352,감사,명,ㄱㅅ,1
6530,감상,명,ㄱㅅ,0
5170,감소,명,ㄱㅅ,1
5445,감수성,명,ㄱㅅㅅ,0
3385,감옥,명,ㄱㅇ,0
3513,감자,명,ㄱㅈ,1
846,감정,명,ㄱㅈ,0
9892,감정적,명,ㄱㅈㅈ,0
7979,갑,명,ㄱ,0
788,값,명,ㄱ,0
1812,강,명,ㄱ,0
3344,강남,명,ㄱㄴ,0
8651,강당,명,ㄱㄷ,0
4669,강도,명,ㄱㄷ,1
4967,강도,명,ㄱㄷ,1
2988,강물,명,ㄱㅁ,0
9433,강변,명,ㄱㅂ,0
9894,강북,명,ㄱㅂ,0
5577,강사,명,ㄱㅅ,1
5578,강수량,명,ㄱㅅㄹ,0
14028,강아지,명,ㄱㅇㅈ,1
5000,강원도,고,ㄱㅇㄷ,1
3101,강의,명,ㄱㅇ,1
2275,강제,명,ㄱㅈ,1
7683,강조,명,ㄱㅈ,1
3725,갖가지,명,ㄱㄱㅈ,1
1569,개,명,ㄱ,1
5313,개개인,명,ㄱㄱㅇ,0
4486,개구리,명,ㄱㄱㄹ,1
7440,개나리,명,ㄱㄴㄹ,1
3565,개미,명,ㄱㅁ,1
1296,개방,명,ㄱㅂ,0
4322,개별,명,ㄱㅂ,0
1562,개선,명,ㄱㅅ,0
1788,개성,명,ㄱㅅ,0
562,개인,명,ㄱㅇ,0
2758,개인적,명,ㄱㅇㅈ,0
2490,객관적,명,ㄱㄱㅈ,0
3102,거,대,ㄱ,1
293,거기,대,ㄱㄱ,1
1258,거리,명,ㄱㄹ,1
1148,거리,명,ㄱㄹ,1
2675,거실,명,ㄱㅅ,0
3967,거액,명,ㄱㅇ,0
2109,거울,명,ㄱㅇ,0
4039,거짓,명,ㄱㅈ,0
2246,거짓말,명,ㄱㅈㅁ,0
4040,거품,명,ㄱㅍ,0
1129,걱정,명,ㄱㅈ,0
647,건강,명,ㄱㄱ,0
7984,건너,명,ㄱㄴ,1
5448,건너편,명,ㄱㄴㅍ,0
9030,건넌방,명,ㄱㄴㅂ,0
649,건물,명,ㄱㅁ,0
790,건설,명,ㄱㅅ,0
3849,건조,명,ㄱㅈ,1
2616,건축,명,ㄱㅊ,0
8660,걷기,명,ㄱㄱ,1
1647,걸음,명,ㄱㅇ,0
3025,검사,명,ㄱㅅ,1
1512,검사,명,ㄱㅅ,1
3064,검은색,명,ㄱㅇㅅ,0
38923,검정색,명,ㄱㅈㅅ,0
2850,검토,명,ㄱㅌ,1
2644,겁,명,ㄱ,0
2759,겉,명,ㄱ,0
4761,게,명,ㄱ,1
7687,게시판,명,ㄱㅅㅍ,0
877,게임,명,ㄱㅇ,0
920,겨울,명,ㄱㅇ,0
6009,겨울철,명,ㄱㅇㅊ,0
5711,겨자,명,ㄱㅈ,1
1470,견해,명,ㄱㅎ,1
211,결과,명,ㄱㄱ,1
4487,결과적,명,ㄱㄱㅈ,0
352,결국,명,ㄱㄱ,0
1513,결론,명,ㄱㄹ,0
16464,결석,명,ㄱㅅ,0
4113,결승,명,ㄱㅅ,0
4763,결심,명,ㄱㅅ,0
1092,결정,명,ㄱㅈ,0
601,결혼,명,ㄱㅎ,0
3389,결혼식,명,ㄱㅎㅅ,0
2461,경계,명,ㄱㄱ,1
2702,경고,명,ㄱㄱ,1
2543,경기,명,ㄱㄱ,1
739,경기,명,ㄱㄱ,1
5000,경기도,고,ㄱㄱㄷ,1
3624,경기장,명,ㄱㄱㅈ,0
3672,경력,명,ㄱㄹ,0
5000,경복궁,고,ㄱㅂㄱ,0
4968,경비,명,ㄱㅂ,1
5000,경상도,고,ㄱㅅㄷ,1
1034,경영,명,ㄱㅇ,0
65,경우,명,ㄱㅇ,1
762,경쟁,명,ㄱㅈ,0
2264,경쟁력,명,ㄱㅈㄹ,0
200,경제,명,ㄱㅈ,1
4969,경제력,명,ㄱㅈㄹ,0
2492,경제적,명,ㄱㅈㅈ,0
5713,경제학,명,ㄱㅈㅎ,0
5000,경주,고,ㄱㅈ,1
632,경찰,명,ㄱㅊ,0
2329,경찰관,명,ㄱㅊㄱ,0
3214,경찰서,명,ㄱㅊㅅ,1
5452,경치,명,ㄱㅊ,1
1093,경향,명,ㄱㅎ,0
585,경험,명,ㄱㅎ,0
1586,곁,명,ㄱ,0
2544,계곡,명,ㄱㄱ,0
2206,계단,명,ㄱㄷ,0
6951,계란,명,ㄱㄹ,0
1827,계산,명,ㄱㅅ,0
3390,계산기,명,ㄱㅅㄱ,1
2350,계약,명,ㄱㅇ,0
2520,계절,명,ㄱㅈ,0
3138,계좌,명,ㄱㅈ,1
2054,계층,명,ㄱㅊ,0
400,계획,명,ㄱㅎ,0
403,고개,명,ㄱㄱ,1
5857,고개,명,ㄱㄱ,1
1717,고객,명,ㄱㄱ,0
3968,고교,명,ㄱㄱ,1
5000,고구려,고,ㄱㄱㄹ,1
7996,고구마,명,ㄱㄱㅁ,1
11578,고궁,명,ㄱㄱ,0
1915,고급,명,ㄱㄱ,0
1055,고기,명,ㄱㄱ,1
1337,고등학교,명,ㄱㄷㅎㄱ,1
7445,고등학생,명,ㄱㄷㅎㅅ,0
5000,고려,고,ㄱㄹ,1
1848,고모,명,ㄱㅁ,1
8668,고모부,명,ㄱㅁㅂ,1
9911,고무신,명,ㄱㅁㅅ,0
1748,고민,명,ㄱㅁ,0
1916,고생,명,ㄱㅅ,0
6178,고속,명,ㄱㅅ,0
5176,고속도로,명,ㄱㅅㄷㄹ,1
11580,고속버스,명,ㄱㅅㅂㅅ,1
1987,고양이,명,ㄱㅇㅇ,1
1480,고장,명,ㄱㅈ,0
3625,고장,명,ㄱㅈ,0
2733,고전,명,ㄱㅈ,0
5316,고집,명,ㄱㅈ,0
2126,고추,명,ㄱㅊ,1
6014,고추장,명,ㄱㅊㅈ,0
9916,고춧가루,명,ㄱㅊㄱㄹ,1
986,고통,명,ㄱㅌ,0
4181,고함,명,ㄱㅎ,0
593,고향,명,ㄱㅎ,0
3459,곡,명,ㄱ,0
3460,곡식,명,ㄱㅅ,0
1083,골,명,ㄱ,0
2821,골목,명,ㄱㅁ,0
7448,골목길,명,ㄱㅁㄱ,0
3971,골짜기,명,ㄱㅉㄱ,1
6181,골치,명,ㄱㅊ,1
5717,골프,명,ㄱㅍ,1
6015,골프장,명,ㄱㅍㅈ,0
4671,곰,명,ㄱ,0
116,곳,명,ㄱ,0
2589,곳곳,명,ㄱㄱ,0
988,공,명,ㄱ,0
623,공간,명,ㄱㄱ,0
1338,공개,명,ㄱㄱ,1
1988,공격,명,ㄱㄱ,0
4114,공공,명,ㄱㄱ,0
4043,공군,명,ㄱㄱ,0
1772,공급,명,ㄱㄱ,0
1433,공기,명,ㄱㄱ,1
9047,공기,명,ㄱㄱ,1
953,공동,명,ㄱㄷ,0
1865,공무원,명,ㄱㅁㅇ,0
490,공부,명,ㄱㅂ,1
1374,공사,명,ㄱㅅ,1
2462,공식,명,ㄱㅅ,0
4325,공식적,명,ㄱㅅㅈ,0
1084,공업,명,ㄱㅇ,0
1067,공연,명,ㄱㅇ,0
4864,공연장,명,ㄱㅇㅈ,0
2950,공원,명,ㄱㅇ,0
685,공장,명,ㄱㅈ,0
8313,공주,명,ㄱㅈ,1
3676,공중,명,ㄱㅈ,0
8672,공중전화,명,ㄱㅈㅈㅎ,1
6540,공짜,명,ㄱㅉ,1
5179,공책,명,ㄱㅊ,0
8673,공통,명,ㄱㅌ,0
6362,공통적,명,ㄱㅌㅈ,0
7696,공통점,명,ㄱㅌㅈ,0
2152,공포,명,ㄱㅍ,1
2433,공항,명,ㄱㅎ,0
20070,공항버스,명,ㄱㅎㅂㅅ,1
3677,공해,명,ㄱㅎ,1
9466,공휴일,명,ㄱㅎㅇ,0
3105,과,명,ㄱ,1
996,과,명,ㄱ,1
8674,과거,명,ㄱㄱ,1
549,과거,명,ㄱㄱ,1
2704,과목,명,ㄱㅁ,0
7701,과외,명,ㄱㅇ,1
1491,과일,명,ㄱㅇ,0
4402,과자,명,ㄱㅈ,1
2351,과장,명,ㄱㅈ,0
188,과정,명,ㄱㅈ,0
6018,과정,명,ㄱㅈ,0
1259,과제,명,ㄱㅈ,1
346,과학,명,ㄱㅎ,0
1718,과학자,명,ㄱㅎㅈ,1
2734,과학적,명,ㄱㅎㅈ,0
1814,관객,명,ㄱㄱ,0
152,관계,명,ㄱㄱ,1
967,관계자,명,ㄱㄱㅈ,1
1719,관광,명,ㄱㄱ,0
3730,관광객,명,ㄱㄱㄱ,0
20077,관광버스,명,ㄱㄱㅂㅅ,1
7182,관광지,명,ㄱㄱㅈ,1
2189,관념,명,ㄱㄴ,0
9923,관람,명,ㄱㄹ,0
7453,관람객,명,ㄱㄹㄱ,0
420,관련,명,ㄱㄹ,0
2646,관리,명,ㄱㄹ,1
858,관리,명,ㄱㄹ,1
3566,관습,명,ㄱㅅ,0
312,관심,명,ㄱㅅ,0
5720,관심사,명,ㄱㅅㅅ,1
839,관점,명,ㄱㅈ,0
3216,관찰,명,ㄱㅊ,0
3567,광경,명,ㄱㄱ,0
316,광고,명,ㄱㄱ,1
3392,광장,명,ㄱㅈ,0
5000,광주,고,ㄱㅈ,1
3910,괴로움,명,ㄱㄹㅇ,0
2887,교과서,명,ㄱㄱㅅ,1
7703,교내,명,ㄱㄴ,1
5582,교대,명,ㄱㄷ,1
2402,교류,명,ㄱㄹ,1
6961,교문,명,ㄱㅁ,0
7185,교복,명,ㄱㅂ,0
474,교사,명,ㄱㅅ,1
371,교수,명,ㄱㅅ,1
1339,교실,명,ㄱㅅ,0
4115,교양,명,ㄱㅇ,0
9930,교외,명,ㄱㅇ,1
198,교육,명,ㄱㅇ,0
9931,교육비,명,ㄱㅇㅂ,1
6363,교육자,명,ㄱㅇㅈ,1
1103,교장,명,ㄱㅈ,0
6364,교재,명,ㄱㅈ,1
4769,교직,명,ㄱㅈ,0
4403,교체,명,ㄱㅊ,1
1249,교통,명,ㄱㅌ,0
3517,교통사고,명,ㄱㅌㅅㄱ,1
7186,교포,명,ㄱㅍ,1
3107,교환,명,ㄱㅎ,0
1708,교회,명,ㄱㅎ,1
3973,교훈,명,ㄱㅎ,0
10999,구,수,ㄱ,1
7705,구,명,ㄱ,1
2705,구경,명,ㄱㄱ,0
3217,구두,명,ㄱㄷ,1
2493,구름,명,ㄱㄹ,0
2055,구멍,명,ㄱㅁ,0
4490,구별,명,ㄱㅂ,0
2590,구분,명,ㄱㅂ,0
2494,구석,명,ㄱㅅ,0
4259,구석구석,명,ㄱㅅㄱㅅ,0
853,구성,명,ㄱㅅ,0
1351,구속,명,ㄱㅅ,0
5000,구십,수,ㄱㅅ,0
2037,구역,명,ㄱㅇ,0
1076,구월,명,ㄱㅇ,0
5182,구입,명,ㄱㅇ,0
350,구조,명,ㄱㅈ,1
5583,구청,명,ㄱㅊ,0
769,구체적,명,ㄱㅊㅈ,0
3732,국,명,ㄱ,0
141,국가,명,ㄱㄱ,1
8682,국가적,명,ㄱㄱㅈ,0
8014,국기,명,ㄱㄱ,1
447,국내,명,ㄱㄴ,1
18114,국내선,명,ㄱㄴㅅ,0
5584,국내외,명,ㄱㄴㅇ,1
9934,국립,명,ㄱㄹ,0
3177,국물,명,ㄱㅁ,0
235,국민,명,ㄱㅁ,0
15251,국민적,명,ㄱㅁㅈ,0
5723,국사,명,ㄱㅅ,1
3792,국산,명,ㄱㅅ,0
6022,국수,명,ㄱㅅ,1
3108,국어,명,ㄱㅇ,1
4116,국왕,명,ㄱㅇ,0
4868,국적,명,ㄱㅈ,0
878,국제,명,ㄱㅈ,1
15255,국제선,명,ㄱㅈㅅ,0
6023,국제적,명,ㄱㅈㅈ,0
2647,국제화,명,ㄱㅈㅎ,1
1126,국회,명,ㄱㅎ,1
2545,국회의원,명,ㄱㅎㅇㅇ,0
659,군,명,ㄱ,0
5080,군,명,ㄱ,0
1531,군대,명,ㄱㄷ,1
3219,군사,명,ㄱㅅ,1
1613,군사,명,ㄱㅅ,1
2434,군인,명,ㄱㅇ,0
2990,궁극적,명,ㄱㄱㅈ,0
1451,권리,명,ㄱㄹ,1
2153,권위,명,ㄱㅇ,1
6963,권투,명,ㄱㅌ,1
840,귀,명,ㄱ,1
7459,귀가,명,ㄱㄱ,1
5725,귀국,명,ㄱㄱ,0
3220,귀신,명,ㄱㅅ,0
8685,귓속,명,ㄱㅅ,0
778,규모,명,ㄱㅁ,1
1552,규정,명,ㄱㅈ,0
2127,규칙,명,ㄱㅊ,0
4117,규칙적,명,ㄱㅊㅈ,0
1778,균형,명,ㄱㅎ,0
10419,귤,명,ㄱ,0
15,그,대,ㄱ,1
5726,그간,명,ㄱㄱ,0
139,그거,대,ㄱㄱ,1
48,그것,대,ㄱㄱ,0
860,그곳,대,ㄱㄱ,0
672,그날,명,ㄱㄴ,0
69,그녀,대,ㄱㄴ,1
4183,그놈,대,ㄱㄴ,0
2436,그늘,명,ㄱㄴ,0
2852,그다음,명,ㄱㄷㅇ,0
3852,그대,대,ㄱㄷ,1
473,그동안,명,ㄱㄷㅇ,0
187,그때,명,ㄱㄸ,1
8686,그래픽,명,ㄱㄹㅍ,0
879,그룹,명,ㄱㄹ,0
1563,그릇,명,ㄱㄹ,0
6752,그리움,명,ㄱㄹㅇ,0
362,그림,명,ㄱㄹ,0
1504,그림자,명,ㄱㄹㅈ,1
2706,그분,대,ㄱㅂ,0
6754,그사이,명,ㄱㅅㅇ,1
2171,그이,대,ㄱㅇ,1
20155,그저께,명,ㄱㅈㄲ,1
6026,그전,명,ㄱㅈ,0
1085,그중,명,ㄱㅈ,0
3027,그쪽,대,ㄱㅉ,0
3794,그해,명,ㄱㅎ,1
2352,극,명,ㄱ,0
4118,극복,명,ㄱㅂ,0
5728,극작가,명,ㄱㅈㄱ,1
2331,극장,명,ㄱㅈ,0
1260,근거,명,ㄱㄱ,1
8687,근교,명,ㄱㄱ,1
4871,근래,명,ㄱㄹ,1
3628,근로,명,ㄱㄹ,1
1971,근로자,명,ㄱㄹㅈ,1
2707,근무,명,ㄱㅁ,1
2378,근본,명,ㄱㅂ,0
1587,근본적,명,ㄱㅂㅈ,0
2918,근원,명,ㄱㅇ,0
2648,근육,명,ㄱㅇ,0
1151,근처,명,ㄱㅊ,1
252,글,명,ㄱ,0
2403,글쓰기,명,ㄱㅆㄱ,1
3976,글씨,명,ㄱㅆ,1
1564,글자,명,ㄱㅈ,1
9942,금,명,ㄱ,0
5323,금,명,ㄱ,0
5000,금강산,고,ㄱㄱㅅ,0
6029,금고,명,ㄱㄱ,1
3262,금년,명,ㄱㄴ,0
8018,금메달,명,ㄱㅁㄷ,0
3913,금액,명,ㄱㅇ,0
5868,금연,명,ㄱㅇ,0
7714,금요일,명,ㄱㅇㅇ,0
2591,금지,명,ㄱㅈ,1
1289,급,명,ㄱ,0
2952,긍정적,명,ㄱㅈㅈ,0
1607,기,명,ㄱ,1
5730,기,명,ㄱ,1
678,기간,명,ㄱㄱ,0
910,기계,명,ㄱㄱ,1
449,기관,명,ㄱㄱ,0
3178,기구,명,ㄱㄱ,1
1250,기구,명,ㄱㄱ,1
3263,기기,명,ㄱㄱ,1
4677,기념,명,ㄱㄴ,0
26081,기념일,명,ㄱㄴㅇ,0
13162,기념품,명,ㄱㄴㅍ,0
5325,기능,명,ㄱㄴ,0
531,기능,명,ㄱㄴ,0
1442,기대,명,ㄱㄷ,1
6758,기도,명,ㄱㄷ,1
4328,기독교,명,ㄱㄷㄱ,1
3855,기둥,명,ㄱㄷ,0
1094,기록,명,ㄱㄹ,0
1893,기름,명,ㄱㄹ,0
2853,기법,명,ㄱㅂ,0
842,기본,명,ㄱㅂ,0
1779,기본적,명,ㄱㅂㅈ,0
525,기분,명,ㄱㅂ,0
1633,기쁨,명,ㄱㅃ,0
4775,기사,명,ㄱㅅ,1
1342,기사,명,ㄱㅅ,1
5588,기성,명,ㄱㅅ,0
5870,기성세대,명,ㄱㅅㅅㄷ,1
4776,기숙사,명,ㄱㅅㅅ,1
328,기술,명,ㄱㅅ,0
4046,기술자,명,ㄱㅅㅈ,1
847,기억,명,ㄱㅇ,0
292,기업,명,ㄱㅇ,0
9066,기업인,명,ㄱㅇㅇ,0
5184,기여,명,ㄱㅇ,1
2379,기온,명,ㄱㅇ,0
2822,기운,명,ㄱㅇ,0
4587,기원,명,ㄱㅇ,0
3067,기원전,명,ㄱㅇㅈ,0
637,기자,명,ㄱㅈ,1
5733,기적,명,ㄱㅈ,0
779,기준,명,ㄱㅈ,0
2919,기차,명,ㄱㅊ,1
1235,기초,명,ㄱㅊ,1
8690,기초적,명,ㄱㅊㅈ,0
7466,기침,명,ㄱㅊ,0
3068,기타,명,ㄱㅌ,1
6372,기타,명,ㄱㅌ,1
5185,기호,명,ㄱㅎ,1
12347,기혼,명,ㄱㅎ,0
770,기회,명,ㄱㅎ,1
2823,기획,명,ㄱㅎ,0
2404,기후,명,ㄱㅎ,1
3069,긴급,명,ㄱㄱ,0
2464,긴장,명,ㄱㅈ,0
6969,긴장감,명,ㄱㅈㄱ,0
173,길,명,ㄱ,0
4588,길가,명,ㄱㄱ,1
6760,길거리,명,ㄱㄱㄹ,1
1283,길이,명,ㄱㅇ,1
6970,김,명,ㄱ,0
4405,김,명,ㄱ,0
7720,김밥,명,ㄱㅂ,0
2207,김치,명,ㄱㅊ,1
16599,김치찌개,명,ㄱㅊㅉㄱ,1
5000,김포공항,고,ㄱㅍㄱㅎ,0
3224,깊이,명,ㄱㅇ,1
954,까닭,명,ㄲㄷ,0
26135,까만색,명,ㄲㅁㅅ,0
5872,까치,명,ㄲㅊ,1
5000,깍두기,명,ㄲㄷㄱ,1
9501,깡패,명,ㄲㅍ,1
4329,깨달음,명,ㄲㄷㅇ,0
6375,깨소금,명,ㄲㅅㄱ,0
4262,껌,명,ㄲ,0
2309,껍질,명,ㄲㅈ,0
1828,꼬리,명,ㄲㄹ,1
4407,꼬마,명,ㄲㅁ,1
3796,꼭대기,명,ㄲㄷㄱ,1
1176,꼴,명,ㄲ,0
470,꽃,명,ㄲ,0
9951,꽃씨,명,ㄲㅆ,1
6761,꽃잎,명,ㄲㅇ,0
6031,꾸중,명,ㄲㅈ,0
4982,꿀,명,ㄲ,0
535,꿈,명,ㄲ,0
5873,꿈속,명,ㄲㅅ,0
4496,끈,명,ㄲ,0
333,끝,명,ㄲ,0
6033,끼,명,ㄲ,1
8,나,대,ㄴ,1
6559,나들이,명,ㄴㄷㅇ,1
226,나라,명,ㄴㄹ,1
1290,나머지,명,ㄴㅁㅈ,1
540,나무,명,ㄴㅁ,1
4047,나물,명,ㄴㅁ,0
3225,나뭇가지,명,ㄴㅁㄱㅈ,1
4778,나뭇잎,명,ㄴㅁㅇ,0
5874,나비,명,ㄴㅂ,1
429,나이,명,ㄴㅇ,1
1018,나중,명,ㄴㅈ,0
3265,나침반,명,ㄴㅊㅂ,0
11024,나흘,명,ㄴㅎ,0
5328,낙엽,명,ㄴㅇ,0
2278,낚시,명,ㄴㅅ,1
9505,낚시꾼,명,ㄴㅅㄲ,0
9075,낚싯대,명,ㄴㅅㄷ,1
4589,난리,명,ㄴㄹ,1
9957,난방,명,ㄴㅂ,0
143,날,명,ㄴ,0
2073,날개,명,ㄴㄱ,1
1291,날씨,명,ㄴㅆ,1
2994,날짜,명,ㄴㅉ,1
360,남,명,ㄴ,0
6380,남,명,ㄴ,0
8324,남,명,ㄴ,0
1068,남녀,명,ㄴㄴ,1
5000,남대문,고,ㄴㄷㅁ,0
5000,남대문시장,고,ㄴㄷㅁㅅㅈ,0
9077,남동생,명,ㄴㄷㅅ,0
4590,남매,명,ㄴㅁ,1
5000,남미,고,ㄴㅁ,1
2310,남부,명,ㄴㅂ,1
5876,남북,명,ㄴㅂ,0
5000,남산,고,ㄴㅅ,0
742,남성,명,ㄴㅅ,0
154,남자,명,ㄴㅈ,1
1598,남쪽,명,ㄴㅉ,0
255,남편,명,ㄴㅍ,0
5594,남학생,명,ㄴㅎㅅ,0
5189,낭비,명,ㄴㅂ,1
1184,낮,명,ㄴ,0
4875,낱말,명,ㄴㅁ,0
10449,내과,명,ㄴㄱ,1
1941,내년,명,ㄴㄴ,0
6195,내달,명,ㄴㄷ,0
1190,내부,명,ㄴㅂ,1
5191,내외,명,ㄴㅇ,1
4876,내외,명,ㄴㅇ,1
212,내용,명,ㄴㅇ,0
9963,내용물,명,ㄴㅇㅁ,0
1270,내일,명,ㄴㅇ,0
7728,내적,명,ㄴㅈ,0
26255,내후년,명,ㄴㅎㄴ,0
4877,냄비,명,ㄴㅂ,1
1061,냄새,명,ㄴㅅ,1
9080,냇물,명,ㄴㅁ,0
4121,냉동,명,ㄴㄷ,0
13192,냉면,명,ㄴㅁ,0
20268,냉방,명,ㄴㅂ,0
3311,냉장고,명,ㄴㅈㄱ,1
100,너,대,ㄴ,1
2231,너머,명,ㄴㅁ,1
1588,너희,대,ㄴㅎ,1
8328,네거리,명,ㄴㄱㄹ,1
6766,넥타이,명,ㄴㅌㅇ,1
6980,넷,수,ㄴ,0
6198,넷째,수,ㄴㅉ,1
547,노동,명,ㄴㄷ,0
792,노동자,명,ㄴㄷㅈ,1
8329,노란색,명,ㄴㄹㅅ,0
487,노래,명,ㄴㄹ,1
3977,노래방,명,ㄴㄹㅂ,0
7474,노랫소리,명,ㄴㄹㅅㄹ,1
494,노력,명,ㄴㄹ,0
4189,노선,명,ㄴㅅ,0
1086,노인,명,ㄴㅇ,0
8031,노트,명,ㄴㅌ,1
4265,녹색,명,ㄴㅅ,0
8699,녹음,명,ㄴㅇ,0
16643,녹차,명,ㄴㅊ,1
9966,녹화,명,ㄴㅎ,1
2677,논,명,ㄴ,0
1236,논리,명,ㄴㄹ,1
5331,논리적,명,ㄴㄹㅈ,0
1417,논문,명,ㄴㅁ,0
2708,논쟁,명,ㄴㅈ,0
1177,놀이,명,ㄴㅇ,1
7731,놀이터,명,ㄴㅇㅌ,1
9968,농구,명,ㄴㄱ,1
2856,농담,명,ㄴㄷ,0
597,농민,명,ㄴㅁ,0
3267,농부,명,ㄴㅂ,1
1472,농사,명,ㄴㅅ,1
5595,농사일,명,ㄴㅅㅇ,0
1942,농산물,명,ㄴㅅㅁ,0
723,농업,명,ㄴㅇ,0
5596,농장,명,ㄴㅈ,0
1493,농촌,명,ㄴㅊ,0
2210,높이,명,ㄴㅇ,1
2739,뇌,명,ㄴ,1
114,누구,대,ㄴㄱ,1
1140,누나,명,ㄴㄴ,1
107,눈,명,ㄴ,0
1505,눈,명,ㄴ,0
6565,눈가,명,ㄴㄱ,1
1482,눈길,명,ㄴㄱ,0
3629,눈동자,명,ㄴㄷㅈ,1
814,눈물,명,ㄴㅁ,0
20303,눈병,명,ㄴㅂ,0
2075,눈빛,명,ㄴㅂ,0
3030,눈썹,명,ㄴㅆ,0
1943,눈앞,명,ㄴㅇ,0
914,뉴스,명,ㄴㅅ,1
5000,뉴욕,고,ㄴㅇ,0
401,느낌,명,ㄴㄲ,0
4878,늑대,명,ㄴㄷ,1
6035,능동적,명,ㄴㄷㅈ,0
502,능력,명,ㄴㄹ,0
11040,늦가을,명,ㄴㄱㅇ,0
4266,다,명,ㄷ,1
747,다리,명,ㄷㄹ,1
2466,다리,명,ㄷㄹ,1
2354,다방,명,ㄷㅂ,0
7476,다섯,수,ㄷㅅ,0
15360,다섯째,수,ㄷㅅㅉ,1
2891,다수,명,ㄷㅅ,1
8704,다양성,명,ㄷㅇㅅ,0
112,다음,명,ㄷㅇ,0
11043,다이어트,명,ㄷㅇㅇㅌ,1
5087,다툼,명,ㄷㅌ,0
3735,다행,명,ㄷㅎ,0
5881,단,명,ㄷ,0
471,단계,명,ㄷㄱ,1
9082,단골,명,ㄷㄱ,0
4782,단독,명,ㄷㄷ,0
9084,단맛,명,ㄷㅁ,0
5470,단순,명,ㄷㅅ,0
2192,단어,명,ㄷㅇ,1
1659,단위,명,ㄷㅇ,1
4335,단점,명,ㄷㅈ,0
2076,단지,명,ㄷㅈ,1
498,단체,명,ㄷㅊ,1
11684,단추,명,ㄷㅊ,1
3979,단편,명,ㄷㅍ,0
13214,단풍,명,ㄷㅍ,0
1115,달,명,ㄷ,0
2438,달걀,명,ㄷㄱ,0
8336,달러,명,ㄷㄹ,1
5088,달력,명,ㄷㄹ,0
4050,달리기,명,ㄷㄹㄱ,1
6036,달빛,명,ㄷㅂ,0
2857,닭,명,ㄷ,0
7478,닭고기,명,ㄷㄱㄱ,1
5739,담,명,ㄷ,0
2057,담당,명,ㄷㄷ,0
4988,담당자,명,ㄷㄷㅈ,1
679,담배,명,ㄷㅂ,1
9089,담요,명,ㄷㅇ,1
2858,담임,명,ㄷㅇ,0
4191,답,명,ㄷ,0
4989,답변,명,ㄷㅂ,0
7738,답장,명,ㄷㅈ,0
14205,닷새,명,ㄷㅅ,1
3312,당근,명,ㄷㄱ,0
271,당시,명,ㄷㅅ,1
217,당신,대,ㄷㅅ,0
1320,당장,명,ㄷㅈ,0
9091,대,명,ㄷ,1
3229,대가,명,ㄷㄱ,1
4124,대개,명,ㄷㄱ,1
5000,대구,고,ㄷㄱ,1
1878,대규모,명,ㄷㄱㅁ,1
2174,대기,명,ㄷㄱ,1
2406,대기업,명,ㄷㄱㅇ,0
5092,대낮,명,ㄷㄴ,0
3683,대다수,명,ㄷㄷㅅ,1
1453,대답,명,ㄷㄷ,0
4051,대도시,명,ㄷㄷㅅ,1
2795,대량,명,ㄷㄹ,0
2995,대륙,명,ㄷㄹ,0
2333,대문,명,ㄷㅁ,0
391,대부분,명,ㄷㅂㅂ,0
4990,대비,명,ㄷㅂ,1
5471,대사,명,ㄷㅅ,1
4193,대사,명,ㄷㅅ,1
5883,대사관,명,ㄷㅅㄱ,0
8710,대상자,명,ㄷㅅㅈ,1
655,대신,명,ㄷㅅ,0
2038,대응,명,ㄷㅇ,0
8043,대입,명,ㄷㅇ,0
5000,대전,고,ㄷㅈ,0
5339,대접,명,ㄷㅈ,0
808,대중,명,ㄷㅈ,0
9527,대중교통,명,ㄷㅈㄱㅌ,0
2439,대중문화,명,ㄷㅈㅁㅎ,1
11691,대중적,명,ㄷㅈㅈ,0
744,대책,명,ㄷㅊ,0
2954,대출,명,ㄷㅊ,0
128,대통령,명,ㄷㅌㄹ,0
482,대표,명,ㄷㅍ,1
1760,대표적,명,ㄷㅍㅈ,0
261,대학,명,ㄷㅎ,0
4416,대학교,명,ㄷㅎㄱ,1
7487,대학교수,명,ㄷㅎㄱㅅ,1
5000,대학로,고,ㄷㅎㄹ,1
1944,대학생,명,ㄷㅎㅅ,0
3268,대학원,명,ㄷㅎㅇ,0
5000,대한민국,고,ㄷㅎㅁㄱ,0
3183,대합실,명,ㄷㅎㅅ,0
1589,대형,명,ㄷㅎ,0
699,대화,명,ㄷㅎ,1
485,대회,명,ㄷㅎ,1
1867,댁,명,ㄷ,0
3402,댐,명,ㄷ,0
3230,더위,명,ㄷㅇ,1
2955,덕,명,ㄷ,0
2892,덕분,명,ㄷㅂ,0
5000,덕수궁,고,ㄷㅅㄱ,0
3403,덩어리,명,ㄷㅇㄹ,1
5598,데이트,명,ㄷㅇㅌ,1
3141,도,명,ㄷ,1
3800,도,명,ㄷ,1
2408,도구,명,ㄷㄱ,1
3861,도덕,명,ㄷㄷ,0
4052,도둑,명,ㄷㄷ,0
1773,도로,명,ㄷㄹ,1
8045,도마,명,ㄷㅁ,1
6572,도망,명,ㄷㅁ,0
1732,도서관,명,ㄷㅅㄱ,0
423,도시,명,ㄷㅅ,1
3633,도시락,명,ㄷㅅㄹ,0
4993,도심,명,ㄷㅅ,0
714,도움,명,ㄷㅇ,0
6042,도움말,명,ㄷㅇㅁ,0
2195,도입,명,ㄷㅇ,0
5095,도자기,명,ㄷㅈㄱ,1
12423,도장,명,ㄷㅈ,0
4054,도전,명,ㄷㅈ,0
2859,도중,명,ㄷㅈ,0
9103,도착,명,ㄷㅊ,0
5000,도쿄(동경),고,ㄷㅋ,1
16709,독감,명,ㄷㄱ,0
2175,독립,명,ㄷㄹ,0
4196,독서,명,ㄷㅅ,1
5000,독일,고,ㄷㅇ,0
13235,독일어,명,ㄷㅇㅇ,1
5886,독창적,명,ㄷㅊㅈ,0
140,돈,명,ㄷ,0
1375,돌,명,ㄷ,0
5096,돌멩이,명,ㄷㅁㅇ,1
8718,동그라미,명,ㄷㄱㄹㅁ,1
6575,동기,명,ㄷㄱ,1
2232,동기,명,ㄷㄱ,1
793,동네,명,ㄷㄴ,1
5000,동대문,고,ㄷㄷㅁ,0
5000,동대문시장,고,ㄷㄷㅁㅅㅈ,0
1774,동료,명,ㄷㄹ,1
1294,동물,명,ㄷㅁ,0
12428,동물원,명,ㄷㅁㅇ,0
3862,동부,명,ㄷㅂ,1
602,동생,명,ㄷㅅ,0
5742,동서,명,ㄷㅅ,1
14242,동서남북,명,ㄷㅅㄴㅂ,0
529,동시,명,ㄷㅅ,1
3920,동아리,명,ㄷㅇㄹ,1
214,동안,명,ㄷㅇ,0
3111,동양,명,ㄷㅇ,0
15425,동양인,명,ㄷㅇㅇ,0
3737,동의,명,ㄷㅇ,1
1815,동작,명,ㄷㅈ,0
4503,동전,명,ㄷㅈ,0
2569,동쪽,명,ㄷㅉ,0
5341,동창,명,ㄷㅊ,0
3112,동포,명,ㄷㅍ,1
2796,동행,명,ㄷㅎ,0
2826,동화,명,ㄷㅎ,1
8050,동화책,명,ㄷㅎㅊ,0
2893,돼지,명,ㄷㅈ,1
4418,돼지고기,명,ㄷㅈㄱㄱ,1
4994,된장,명,ㄷㅈ,0
10482,된장찌개,명,ㄷㅈㅉㄱ,1
5099,두께,명,ㄷㄲ,1
3404,두뇌,명,ㄷㄴ,1
3466,두려움,명,ㄷㄹㅇ,0
5603,두부,명,ㄷㅂ,1
6394,두통,명,ㄷㅌ,0
575,둘,수,ㄷ,0
1660,둘째,수,ㄷㅉ,1
2497,둥지,명,ㄷㅈ,1
87,뒤,명,ㄷ,1
5100,뒤쪽,명,ㄷㅉ,0
6989,뒤편,명,ㄷㅍ,0
9992,뒷골목,명,ㄷㄱㅁ,0
3863,뒷모습,명,ㄷㅁㅅ,0
7497,뒷문,명,ㄷㅁ,0
6046,뒷산,명,ㄷㅅ,0
1237,드라마,명,ㄷㄹㅁ,1
2797,들,명,ㄷ,0
1019,등,명,ㄷ,0
3273,등록,명,ㄷㄹ,0
7221,등록금,명,ㄷㄹㄱ,0
4268,등록증,명,ㄷㄹㅈ,0
4996,등산,명,ㄷㅅ,0
8355,등산로,명,ㄷㅅㄹ,1
3035,등장,명,ㄷㅈ,0
3274,디스크,명,ㄷㅅㅋ,1
9995,디자이너,명,ㄷㅈㅇㄴ,1
3036,디자인,명,ㄷㅈㅇ,0
26587,따님,명,ㄸㄴ,0
625,딸,명,ㄸ,0
8053,딸기,명,ㄸㄱ,1
7500,딸아이,명,ㄸㅇㅇ,1
1399,땀,명,ㄸ,0
321,땅,명,ㄸ,0
8054,땅바닥,명,ㄸㅂㄷ,0
4201,땅속,명,ㄸㅅ,0
6215,땅콩,명,ㄸㅋ,0
19,때,명,ㄸ,1
5475,때,명,ㄸ,1
1443,떡,명,ㄸ,0
18402,떡국,명,ㄸㄱ,0
13255,떡볶이,명,ㄸㅂㅇ,1
2798,떼,명,ㄸ,1
4338,뚜껑,명,ㄸㄲ,0
6218,뜰,명,ㄸ,0
296,뜻,명,ㄸ,0
4420,뜻밖,명,ㄸㅂ,0
1571,라디오,명,ㄹㄷㅇ,1
2623,라면,명,ㄹㅁ,0
5606,라운드,명,ㄹㅇㄷ,1
10002,라이벌,명,ㄹㅇㅂ,0
6781,라이터,명,ㄹㅇㅌ,1
5202,라인,명,ㄹㅇ,0
9544,라켓,명,ㄹㅋ,0
5000,러시아,고,ㄹㅅㅇ,1
5000,런던,고,ㄹㄷ,0
7503,레몬,명,ㄹㅁ,0
5892,레스토랑,명,ㄹㅅㅌㄹ,0
8731,레이저,명,ㄹㅇㅈ,1
9115,레저,명,ㄹㅈ,1
5203,렌즈,명,ㄹㅈ,1
5893,로봇,명,ㄹㅂ,0
9116,로터리,명,ㄹㅌㄹ,1
3802,리그,명,ㄹㄱ,1
2998,리듬,명,ㄹㄷ,0
3316,마누라,명,ㅁㄴㄹ,1
1740,마늘,명,ㅁㄴ,0
1617,마당,명,ㅁㄷ,0
3037,마디,명,ㅁㄷ,1
7756,마라톤,명,ㅁㄹㅌ,0
2233,마련,명,ㅁㄹ,0
2441,마루,명,ㅁㄹ,1
3740,마무리,명,ㅁㅁㄹ,1
8358,마사지,명,ㅁㅅㅈ,1
4508,마약,명,ㅁㅇ,0
9547,마요네즈,명,ㅁㅇㄴㅈ,1
480,마을,명,ㅁㅇ,0
148,마음,명,ㅁㅇ,0
5608,마음가짐,명,ㅁㅇㄱㅈ,0
2212,마음속,명,ㅁㅇㅅ,0
7225,마음씨,명,ㅁㅇㅆ,1
3803,마이크,명,ㅁㅇㅋ,1
8736,마중,명,ㅁㅈ,0
626,마지막,명,ㅁㅈㅁ,0
545,마찬가지,명,ㅁㅊㄱㅈ,1
4997,마찰,명,ㅁㅊ,0
4998,마크,명,ㅁㅋ,1
9548,마흔,수,ㅁㅎ,0
4421,막걸리,명,ㅁㄱㄹ,1
4269,막내,명,ㅁㄴ,1
8359,만,수,ㅁ,0
2572,만남,명,ㅁㄴ,0
16774,만두,명,ㅁㄷ,1
9549,만세,명,ㅁㅅ,1
1134,만약,명,ㅁㅇ,0
1761,만일,명,ㅁㅇ,0
5896,만점,명,ㅁㅈ,0
4999,만족,명,ㅁㅈ,0
2059,만화,명,ㅁㅎ,1
9551,만화가,명,ㅁㅎㄱ,1
28,말,명,ㅁ,0
2624,말,명,ㅁ,0
3144,말기,명,ㅁㄱ,1
812,말씀,명,ㅁㅆ,0
5746,말투,명,ㅁㅌ,1
3923,맘,명,ㅁ,0
390,맛,명,ㅁ,0
4888,망원경,명,ㅁㅇㄱ,0
5344,맞은편,명,ㅁㅇㅍ,0
5476,매,명,ㅁ,1
4690,매너,명,ㅁㄴ,1
2409,매력,명,ㅁㄹ,0
7759,매스컴,명,ㅁㅅㅋ,0
6784,매일,명,ㅁㅇ,0
3185,매장,명,ㅁㅈ,0
1345,매체,명,ㅁㅊ,1
2861,맥주,명,ㅁㅈ,1
288,머리,명,ㅁㄹ,1
9554,머리말,명,ㅁㄹㅁ,0
3983,머리카락,명,ㅁㄹㅋㄹ,0
5610,머리칼,명,ㅁㄹㅋ,0
2178,머릿속,명,ㅁㄹㅅ,0
3686,먹이,명,ㅁㅇ,1
2958,먼지,명,ㅁㅈ,1
5346,멋,명,ㅁ,0
5002,메뉴,명,ㅁㄴ,1
7231,메모,명,ㅁㅁ,1
3526,메시지,명,ㅁㅅㅈ,1
23197,메일,명,ㅁㅇ,0
2923,며느리,명,ㅁㄴㄹ,1
1021,며칠,명,ㅁㅊ,0
4058,면,명,ㅁ,0
643,면,명,ㅁ,0
5347,면,명,ㅁ,0
5481,면담,명,ㅁㄷ,0
3806,면적,명,ㅁㅈ,0
9555,면접,명,ㅁㅈ,0
5207,멸치,명,ㅁㅊ,1
6222,명단,명,ㅁㄷ,0
2311,명령,명,ㅁㄹ,0
5748,명령어,명,ㅁㄹㅇ,1
2470,명예,명,ㅁㅇ,1
3578,명의,명,ㅁㅇ,1
3926,명절,명,ㅁㅈ,0
3187,명칭,명,ㅁㅊ,0
9557,명함,명,ㅁㅎ,0
3743,몇,수,ㅁ,0
2095,모,대,ㅁ,1
6582,모기,명,ㅁㄱ,1
3000,모니터,명,ㅁㄴㅌ,1
1840,모델,명,ㅁㄷ,0
708,모두,명,ㅁㄷ,1
2862,모래,명,ㅁㄹ,1
12460,모레,명,ㅁㄹ,1
4890,모범,명,ㅁㅂ,0
164,모습,명,ㅁㅅ,0
464,모양,명,ㅁㅇ,0
906,모임,명,ㅁㅇ,0
4059,모자,명,ㅁㅈ,1
5485,모집,명,ㅁㅈ,0
5486,모퉁이,명,ㅁㅌㅇ,1
1230,목,명,ㅁ,0
10505,목걸이,명,ㅁㄱㅇ,1
4340,목록,명,ㅁㄹ,0
2523,목사,명,ㅁㅅ,1
486,목소리,명,ㅁㅅㄹ,1
1973,목숨,명,ㅁㅅ,0
11099,목요일,명,ㅁㅇㅇ,0
3808,목욕,명,ㅁㅇ,0
5749,목욕탕,명,ㅁㅇㅌ,0
740,목적,명,ㅁㅈ,0
1036,목표,명,ㅁㅍ,1
156,몸,명,ㅁ,0
7238,몸매,명,ㅁㅁ,1
7239,몸무게,명,ㅁㅁㄱ,1
8364,몸살,명,ㅁㅅ,0
9558,몸속,명,ㅁㅅ,0
3636,몸짓,명,ㅁㅈ,0
3744,몸통,명,ㅁㅌ,0
3745,못,명,ㅁ,0
5005,묘사,명,ㅁㅅ,1
3687,무,명,ㅁ,1
7767,무,명,ㅁ,1
2442,무게,명,ㅁㄱ,1
7240,무관심,명,ㅁㄱㅅ,0
6405,무궁화,명,ㅁㄱㅎ,1
2113,무기,명,ㅁㄱ,1
3277,무늬,명,ㅁㄴ,1
727,무대,명,ㅁㄷ,1
8367,무더위,명,ㅁㄷㅇ,1
3233,무덤,명,ㅁㄷ,0
3688,무료,명,ㅁㄹ,1
1637,무릎,명,ㅁㄹ,0
3468,무리,명,ㅁㄹ,1
2896,무리,명,ㅁㄹ,1
1533,무어,대,ㅁㅇ,1
135,무엇,대,ㅁㅇ,0
1201,무역,명,ㅁㅇ,0
1382,무용,명,ㅁㅇ,0
8369,무용가,명,ㅁㅇㄱ,1
10517,무지개,명,ㅁㅈㄱ,1
469,문,명,ㅁ,0
6225,문구,명,ㅁㄱ,1
6790,문밖,명,ㅁㅂ,0
10519,문법,명,ㅁㅂ,0
3147,문서,명,ㅁㅅ,1
2281,문자,명,ㅁㅈ,1
3278,문장,명,ㅁㅈ,0
53,문제,명,ㅁㅈ,1
1591,문제점,명,ㅁㅈㅈ,0
272,문학,명,ㅁㅎ,0
13326,문학적,명,ㅁㅎㅈ,0
73,문화,명,ㅁㅎ,1
1390,문화재,명,ㅁㅎㅈ,1
5007,문화적,명,ㅁㅎㅈ,0
165,물,명,ㅁ,0
1990,물가,명,ㅁㄱ,1
560,물건,명,ㅁㄱ,0
3234,물결,명,ㅁㄱ,0
3579,물고기,명,ㅁㄱㄱ,1
2443,물기,명,ㅁㄱ,1
1435,물론,명,ㅁㄹ,0
3407,물리학,명,ㅁㄹㅎ,0
2079,물속,명,ㅁㅅ,0
2897,물음,명,ㅁㅇ,0
912,물질,명,ㅁㅈ,0
6054,물질적,명,ㅁㅈㅈ,0
1461,물체,명,ㅁㅊ,1
108,뭐,대,ㅁ,1
6228,뭣,대,ㅁ,0
1025,미,명,ㅁ,1
5000,미국,고,ㅁㄱ,0
6585,미니,명,ㅁㄴ,1
2573,미디어,명,ㅁㄷㅇ,1
1298,미래,명,ㅁㄹ,1
6230,미만,명,ㅁㅁ,0
4601,미사일,명,ㅁㅅㅇ,0
1391,미소,명,ㅁㅅ,1
1600,미술,명,ㅁㅅ,0
3748,미술관,명,ㅁㅅㄱ,0
4424,미스,명,ㅁㅅ,1
11768,미역,명,ㅁㅇ,0
44499,미용실,명,ㅁㅇㅅ,0
7516,미움,명,ㅁㅇ,0
6056,미인,명,ㅁㅇ,0
4793,미팅,명,ㅁㅌ,0
5009,미혼,명,ㅁㅎ,0
1880,민간,명,ㅁㄱ,0
4693,민속,명,ㅁㅅ,0
334,민족,명,ㅁㅈ,0
2080,민주,명,ㅁㅈ,1
1991,민주주의,명,ㅁㅈㅈㅇ,1
1854,민주화,명,ㅁㅈㅎ,1
2924,믿음,명,ㅁㅇ,0
2625,밀가루,명,ㅁㄱㄹ,1
652,밑,명,ㅁ,0
4512,밑바닥,명,ㅁㅂㄷ,0
4794,바,명,ㅂ,1
7518,바가지,명,ㅂㄱㅈ,1
5488,바구니,명,ㅂㄱㄴ,1
2626,바깥,명,ㅂㄲ,0
5904,바깥쪽,명,ㅂㄲㅉ,0
7773,바나나,명,ㅂㄴㄴ,1
2524,바늘,명,ㅂㄴ,0
488,바다,명,ㅂㄷ,1
1327,바닥,명,ㅂㄷ,0
2959,바닷가,명,ㅂㄷㄱ,1
5754,바닷물,명,ㅂㄷㅁ,0
478,바람,명,ㅂㄹ,0
5210,바람,명,ㅂㄹ,0
2680,바보,명,ㅂㅂ,1
2382,바위,명,ㅂㅇ,1
6411,바이러스,명,ㅂㅇㄹㅅ,1
3928,바이올린,명,ㅂㅇㅇㄹ,0
2627,바지,명,ㅂㅈ,1
5615,바퀴,명,ㅂㅋ,1
1005,바탕,명,ㅂㅌ,0
1517,박물관,명,ㅂㅁㄱ,0
1377,박사,명,ㅂㅅ,1
3148,박수,명,ㅂㅅ,1
8375,박스,명,ㅂㅅ,1
257,밖,명,ㅂ,0
834,반,명,ㅂ,0
933,반,명,ㅂ,0
1218,반대,명,ㅂㄷ,1
9144,반대편,명,ㅂㄷㅍ,0
11775,반말,명,ㅂㅁ,0
1097,반면,명,ㅂㅁ,0
3351,반발,명,ㅂㅂ,0
3809,반성,명,ㅂㅅ,0
1309,반응,명,ㅂㅇ,0
2314,반장,명,ㅂㅈ,0
6059,반죽,명,ㅂㅈ,0
6060,반지,명,ㅂㅈ,1
3352,반찬,명,ㅂㅊ,0
7013,받침,명,ㅂㅊ,0
564,발,명,ㅂ,0
4602,발가락,명,ㅂㄱㄹ,0
3986,발걸음,명,ㅂㄱㅇ,0
2925,발견,명,ㅂㄱ,0
3987,발길,명,ㅂㄱ,0
7521,발끝,명,ㅂㄲ,0
1369,발달,명,ㅂㄷ,0
7776,발등,명,ㅂㄷ,0
3690,발레,명,ㅂㄹ,1
5211,발목,명,ㅂㅁ,0
9145,발바닥,명,ㅂㅂㄷ,0
2768,발생,명,ㅂㅅ,0
5491,발음,명,ㅂㅇ,0
4796,발자국,명,ㅂㅈㄱ,0
416,발전,명,ㅂㅈ,0
4274,발전,명,ㅂㅈ,0
9146,발톱,명,ㅂㅌ,0
1231,발표,명,ㅂㅍ,1
276,밤,명,ㅂ,0
6062,밤,명,ㅂ,0
10041,밤낮,명,ㅂㄴ,0
7778,밤새,명,ㅂㅅ,1
8076,밤색,명,ㅂㅅ,0
8754,밤중,명,ㅂㅈ,0
5351,밤하늘,명,ㅂㅎㄴ,0
353,밥,명,ㅂ,0
4426,밥그릇,명,ㅂㄱㄹ,0
8077,밥맛,명,ㅂㅁ,0
3235,밥상,명,ㅂㅅ,0
8381,밥솥,명,ㅂㅅ,0
318,방,명,ㅂ,0
6590,방면,명,ㅂㅁ,0
4427,방문,명,ㅂㅁ,0
1806,방문,명,ㅂㅁ,0
6413,방바닥,명,ㅂㅂㄷ,0
179,방법,명,ㅂㅂ,0
538,방송,명,ㅂㅅ,0
2004,방송국,명,ㅂㅅㄱ,0
5011,방송사,명,ㅂㅅㅅ,1
454,방식,명,ㅂㅅ,0
955,방안,명,ㅂㅇ,0
5213,방울,명,ㅂㅇ,0
5492,방울,명,ㅂㅇ,0
3353,방지,명,ㅂㅈ,1
1581,방학,명,ㅂㅎ,0
4275,방해,명,ㅂㅎ,1
484,방향,명,ㅂㅎ,0
1554,밭,명,ㅂ,0
850,배,명,ㅂ,1
462,배,명,ㅂ,1
5215,배,명,ㅂ,1
918,배,명,ㅂ,1
1214,배경,명,ㅂㄱ,0
10043,배구,명,ㅂㄱ,1
7523,배꼽,명,ㅂㄲ,0
7249,배달,명,ㅂㄷ,0
8756,배드민턴,명,ㅂㄷㅁㅌ,0
2197,배우,명,ㅂㅇ,1
8079,배우자,명,ㅂㅇㅈ,1
4129,배추,명,ㅂㅊ,1
20677,배추김치,명,ㅂㅊㄱㅊ,1
6063,배치,명,ㅂㅊ,1
15575,백,수,ㅂ,0
5000,백두산,고,ㅂㄷㅅ,0
6240,백색,명,ㅂㅅ,0
1601,백성,명,ㅂㅅ,0
6064,백인,명,ㅂㅇ,0
5000,백제,고,ㅂㅈ,1
1974,백화점,명,ㅂㅎㅈ,0
4897,뱀,명,ㅂ,0
2471,뱃사람,명,ㅂㅅㄹ,0
2383,버릇,명,ㅂㄹ,0
5906,버섯,명,ㅂㅅ,0
719,버스,명,ㅂㅅ,1
3470,버터,명,ㅂㅌ,1
8759,버튼,명,ㅂㅌ,0
5619,번개,명,ㅂㄱ,1
7250,번역,명,ㅂㅇ,0
9578,번지,명,ㅂㅈ,1
4276,번호,명,ㅂㅎ,1
5216,벌,명,ㅂ,0
3408,벌,명,ㅂ,0
4203,벌금,명,ㅂㄱ,0
3988,벌레,명,ㅂㄹ,1
1582,범위,명,ㅂㅇ,1
3001,범인,명,ㅂㅇ,0
1232,범죄,명,ㅂㅈ,1
603,법,명,ㅂ,0
1751,법률,명,ㅂㄹ,0
1881,법원,명,ㅂㅇ,0
6592,법적,명,ㅂㅈ,0
1219,법칙,명,ㅂㅊ,0
8388,베개,명,ㅂㄱ,1
5000,베이징(북경),고,ㅂㅇㅈ,0
6593,벤치,명,ㅂㅊ,1
8389,벨트,명,ㅂㅌ,1
4277,벼,명,ㅂ,1
1199,벽,명,ㅂ,0
5108,변경,명,ㅂㄱ,0
3002,변동,명,ㅂㄷ,0
5352,변명,명,ㅂㅁ,0
5755,변신,명,ㅂㅅ,0
3280,변호사,명,ㅂㅎㅅ,1
294,변화,명,ㅂㅎ,1
1346,별,명,ㅂ,0
2335,별도,명,ㅂㄷ,1
4345,별명,명,ㅂㅁ,0
7784,별일,명,ㅂㅇ,0
1306,병,명,ㅂ,0
1976,병,명,ㅂ,0
7524,병실,명,ㅂㅅ,0
10058,병아리,명,ㅂㅇㄹ,1
628,병원,명,ㅂㅇ,0
2926,보고,명,ㅂㄱ,1
2629,보고서,명,ㅂㄱㅅ,1
5217,보관,명,ㅂㄱ,0
4799,보너스,명,ㅂㄴㅅ,1
1855,보도,명,ㅂㄷ,1
16935,보라색,명,ㅂㄹㅅ,0
2682,보람,명,ㅂㄹ,0
5493,보름,명,ㅂㄹ,0
4515,보리,명,ㅂㄹ,1
3811,보상,명,ㅂㅅ,0
5911,보수,명,ㅂㅅ,1
6597,보수,명,ㅂㅅ,1
8768,보수적,명,ㅂㅅㅈ,0
5912,보안,명,ㅂㅇ,0
5353,보자기,명,ㅂㅈㄱ,1
3356,보장,명,ㅂㅈ,0
4346,보전,명,ㅂㅈ,0
4060,보조,명,ㅂㅈ,1
4607,보존,명,ㅂㅈ,0
1392,보통,명,ㅂㅌ,0
3472,보편적,명,ㅂㅍㅈ,0
2411,보험,명,ㅂㅎ,0
945,보호,명,ㅂㅎ,1
4205,복,명,ㅂ,0
2574,복도,명,ㅂㄷ,1
8085,복사,명,ㅂㅅ,1
23452,복사기,명,ㅂㅅㄱ,1
13378,복숭아,명,ㅂㅅㅇ,1
18638,복습,명,ㅂㅅ,0
10549,볶음,명,ㅂㅇ,0
8090,볶음밥,명,ㅂㅇㅂ,0
1592,본격적,명,ㅂㄱㅈ,0
2158,본래,명,ㅂㄹ,1
4516,본부,명,ㅂㅂ,1
6069,본사,명,ㅂㅅ,1
2831,본성,명,ㅂㅅ,0
4279,본인,명,ㅂㅇ,0
2128,본질,명,ㅂㅈ,0
3752,볼,명,ㅂ,0
10551,볼링,명,ㅂㄹ,0
6603,볼일,명,ㅂㅇ,0
9583,볼펜,명,ㅂㅍ,0
972,봄,명,ㅂ,0
4206,봉사,명,ㅂㅅ,1
5496,봉지,명,ㅂㅈ,1
2741,봉투,명,ㅂㅌ,1
5915,부,명,ㅂ,1
4517,부,명,ㅂ,1
2315,부근,명,ㅂㄱ,0
6605,부끄러움,명,ㅂㄲㄹㅇ,0
1202,부담,명,ㅂㄷ,0
2500,부대,명,ㅂㄷ,1
1574,부동산,명,ㅂㄷㅅ,0
665,부모,명,ㅂㅁ,1
1160,부모님,명,ㅂㅁㄴ,0
1547,부문,명,ㅂㅁ,0
977,부부,명,ㅂㅂ,1
291,부분,명,ㅂㅂ,0
3753,부분적,명,ㅂㅂㅈ,0
5000,부산,고,ㅂㅅ,0
5356,부상,명,ㅂㅅ,0
4207,부서,명,ㅂㅅ,1
2159,부엌,명,ㅂㅇ,0
2096,부위,명,ㅂㅇ,1
1619,부인,명,ㅂㅇ,0
7256,부인,명,ㅂㅇ,0
3150,부자,명,ㅂㅈ,1
2683,부작용,명,ㅂㅈㅇ,0
9167,부잣집,명,ㅂㅈㅈ,0
2413,부장,명,ㅂㅈ,0
5622,부재,명,ㅂㅈ,1
1154,부정,명,ㅂㅈ,0
3410,부정적,명,ㅂㅈㅈ,0
1869,부족,명,ㅂㅈ,0
1780,부족,명,ㅂㅈ,0
7789,부채,명,ㅂㅊ,1
2472,부처,명,ㅂㅊ,1
5757,부친,명,ㅂㅊ,0
3582,부탁,명,ㅂㅌ,0
3473,부품,명,ㅂㅍ,0
10070,부피,명,ㅂㅍ,1
3640,부회장,명,ㅂㅎㅈ,0
7023,북,명,ㅂ,0
3411,북부,명,ㅂㅂ,1
2179,북쪽,명,ㅂㅉ,0
5000,북한,고,ㅂㅎ,0
2595,분노,명,ㅂㄴ,1
3583,분량,명,ㅂㄹ,0
3412,분리,명,ㅂㄹ,1
959,분석,명,ㅂㅅ,0
517,분야,명,ㅂㅇ,1
425,분위기,명,ㅂㅇㄱ,1
33246,분필,명,ㅂㅍ,0
11819,분홍색,명,ㅂㅎㅅ,0
506,불,명,ㅂ,0
3754,불고기,명,ㅂㄱㄱ,1
567,불교,명,ㅂㄱ,1
4433,불꽃,명,ㅂㄲ,0
1807,불만,명,ㅂㅁ,0
1356,불법,명,ㅂㅂ,0
7791,불법,명,ㅂㅂ,0
2501,불빛,명,ㅂㅂ,0
1992,불안,명,ㅂㅇ,0
7026,불이익,명,ㅂㅇㅇ,0
4062,불편,명,ㅂㅍ,0
6813,불평,명,ㅂㅍ,0
3756,불행,명,ㅂㅎ,0
5760,브랜드,명,ㅂㄹㄷ,1
7795,블라우스,명,ㅂㄹㅇㅅ,1
592,비,명,ㅂ,1
8401,비,명,ㅂ,1
2596,비교,명,ㅂㄱ,1
2336,비극,명,ㅂㄱ,0
2684,비난,명,ㅂㄴ,0
6608,비누,명,ㅂㄴ,1
3039,비닐,명,ㅂㄴ,0
7262,비닐봉지,명,ㅂㄴㅂㅈ,1
10565,비둘기,명,ㅂㄷㄱ,1
1882,비디오,명,ㅂㄷㅇ,1
8781,비만,명,ㅂㅁ,0
3757,비명,명,ㅂㅁ,0
1357,비밀,명,ㅂㅁ,0
6249,비바람,명,ㅂㅂㄹ,0
13411,비빔밥,명,ㅂㅂㅂ,0
5500,비상,명,ㅂㅅ,0
5501,비서,명,ㅂㅅ,1
1170,비용,명,ㅂㅇ,0
3040,비율,명,ㅂㅇ,0
2528,비중,명,ㅂㅈ,0
6075,비타민,명,ㅂㅌㅁ,0
1314,비판,명,ㅂㅍ,0
7264,비판적,명,ㅂㅍㅈ,0
6609,비행,명,ㅂㅎ,0
3932,비행,명,ㅂㅎ,0
1171,비행기,명,ㅂㅎㄱ,1
7536,비행장,명,ㅂㅎㅈ,0
6076,빌딩,명,ㅂㄷ,0
23601,빗,명,ㅂ,0
4701,빗물,명,ㅂㅁ,0
8785,빗방울,명,ㅂㅂㅇ,0
6610,빗줄기,명,ㅂㅈㄱ,1
3813,빚,명,ㅂ,0
816,빛,명,ㅂ,0
3531,빛깔,명,ㅂㄲ,0
9605,빨간색,명,ㅃㄱㅅ,0
2632,빨래,명,ㅃㄹ,1
2130,빵,명,ㅃ,0
3532,뺨,명,ㅃ,0
2216,뼈,명,ㅃ,1
1179,뿌리,명,ㅃㄹ,1
11837,사,수,ㅅ,1
244,사건,명,ㅅㄱ,0
8407,사계절,명,ㅅㄱㅈ,0
691,사고,명,ㅅㄱ,1
1947,사고,명,ㅅㄱ,1
3237,사과,명,ㅅㄱ,1
4064,사과,명,ㅅㄱ,1
6251,사기,명,ㅅㄱ,1
5919,사나이,명,ㅅㄴㅇ,1
6426,사냥,명,ㅅㄴ,0
12,사람,명,ㅅㄹ,0
373,사랑,명,ㅅㄹ,0
1400,사례,명,ㅅㄹ,1
9611,사립,명,ㅅㄹ,0
5626,사망,명,ㅅㅁ,0
5921,사모님,명,ㅅㅁㄴ,0
5762,사무,명,ㅅㅁ,1
3870,사무소,명,ㅅㅁㅅ,1
1781,사무실,명,ㅅㅁㅅ,0
6253,사무직,명,ㅅㅁㅈ,0
1323,사물,명,ㅅㅁ,0
3533,사방,명,ㅅㅂ,0
5225,사상,명,ㅅㅅ,0
9612,사생활,명,ㅅㅅㅎ,0
2743,사설,명,ㅅㅅ,0
5114,사슴,명,ㅅㅅ,0
103,사실,명,ㅅㅅ,0
15648,사십,수,ㅅㅅ,0
520,사업,명,ㅅㅇ,0
7800,사업가,명,ㅅㅇㄱ,1
5503,사업자,명,ㅅㅇㅈ,1
1026,사용,명,ㅅㅇ,0
2928,사용자,명,ㅅㅇㅈ,1
2965,사원,명,ㅅㅇ,0
1006,사월,명,ㅅㅇ,0
4702,사위,명,ㅅㅇ,1
178,사이,명,ㅅㅇ,1
9615,사이사이,명,ㅅㅇㅅㅇ,1
9616,사자,명,ㅅㅈ,1
1116,사장,명,ㅅㅈ,0
2653,사전,명,ㅅㅈ,0
7270,사전,명,ㅅㅈ,0
1155,사정,명,ㅅㅈ,0
728,사진,명,ㅅㅈ,0
9177,사진기,명,ㅅㅈㄱ,1
3871,사촌,명,ㅅㅊ,0
5226,사춘기,명,ㅅㅊㄱ,1
20886,사탕,명,ㅅㅌ,0
8411,사투리,명,ㅅㅌㄹ,1
5016,사표,명,ㅅㅍ,1
42,사회,명,ㅅㅎ,1
6429,사회생활,명,ㅅㅎㅅㅎ,0
8791,사회자,명,ㅅㅎㅈ,1
1762,사회적,명,ㅅㅎㅈ,0
2929,사회주의,명,ㅅㅎㅈㅇ,1
6614,사회학,명,ㅅㅎㅎ,0
3151,사흘,명,ㅅㅎ,0
465,산,명,ㅅ,0
9179,산길,명,ㅅㄱ,0
7034,산부인과,명,ㅅㅂㅇㄱ,1
2654,산소,명,ㅅㅅ,1
6078,산속,명,ㅅㅅ,0
392,산업,명,ㅅㅇ,0
4802,산책,명,ㅅㅊ,0
2234,살,명,ㅅ,0
3534,살림,명,ㅅㄹ,0
2865,살인,명,ㅅㅇ,0
189,삶,명,ㅅ,0
5923,삼,수,ㅅ,0
12569,삼계탕,명,ㅅㄱㅌ,0
901,삼국,명,ㅅㄱ,0
18764,삼십,수,ㅅㅅ,0
1117,삼월,명,ㅅㅇ,0
5117,삼촌,명,ㅅㅊ,0
3116,상,명,ㅅ,0
5764,상,명,ㅅ,0
3283,상,명,ㅅ,0
3872,상,명,ㅅ,0
4615,상관,명,ㅅㄱ,0
8416,상금,명,ㅅㄱ,0
3478,상담,명,ㅅㄷ,0
3413,상당,명,ㅅㄷ,0
5118,상당수,명,ㅅㄷㅅ,1
1192,상대,명,ㅅㄷ,1
1536,상대방,명,ㅅㄷㅂ,0
4436,상대성,명,ㅅㄷㅅ,0
1721,상대적,명,ㅅㄷㅈ,0
5505,상대편,명,ㅅㄷㅍ,0
4906,상류,명,ㅅㄹ,1
5227,상반기,명,ㅅㅂㄱ,1
1664,상상,명,ㅅㅅ,0
3284,상상력,명,ㅅㅅㄹ,0
1842,상식,명,ㅅㅅ,0
3190,상업,명,ㅅㅇ,0
3874,상인,명,ㅅㅇ,0
3587,상자,명,ㅅㅈ,1
4281,상점,명,ㅅㅈ,0
5925,상징적,명,ㅅㅈㅈ,0
1752,상처,명,ㅅㅊ,1
9184,상추,명,ㅅㅊ,1
269,상태,명,ㅅㅌ,1
1843,상표,명,ㅅㅍ,1
963,상품,명,ㅅㅍ,0
263,상황,명,ㅅㅎ,0
3117,새,명,ㅅ,1
1089,새,명,ㅅ,1
1329,새끼,명,ㅅㄲ,1
1045,새벽,명,ㅅㅂ,0
9628,새소리,명,ㅅㅅㄹ,1
5367,새우,명,ㅅㅇ,1
3588,새해,명,ㅅㅎ,1
1358,색,명,ㅅ,0
1603,색깔,명,ㅅㄲ,0
20933,색연필,명,ㅅㅇㅍ,0
3005,샌드위치,명,ㅅㄷㅇㅊ,1
5628,생,명,ㅅ,0
75,생각,명,ㅅㄱ,0
4803,생기,명,ㅅㄱ,1
236,생명,명,ㅅㅁ,0
3042,생물,명,ㅅㅁ,0
5020,생방송,명,ㅅㅂㅅ,0
582,생산,명,ㅅㅅ,0
2833,생산력,명,ㅅㅅㄹ,0
3994,생산자,명,ㅅㅅㅈ,1
2803,생선,명,ㅅㅅ,0
12576,생신,명,ㅅㅅ,0
1963,생일,명,ㅅㅇ,0
174,생활,명,ㅅㅎ,0
10592,생활비,명,ㅅㅎㅂ,1
9631,생활수준,명,ㅅㅎㅅㅈ,0
10093,생활용품,명,ㅅㅎㅇㅍ,0
6824,생활환경,명,ㅅㅎㅎㄱ,0
8795,샤워,명,ㅅㅇ,1
1537,서구,명,ㅅㄱ,1
7274,서랍,명,ㅅㄹ,0
1610,서로,명,ㅅㄹ,1
3006,서류,명,ㅅㄹ,1
12580,서른,수,ㅅㄹ,0
6826,서명,명,ㅅㅁ,0
3815,서민,명,ㅅㅁ,0
3479,서부,명,ㅅㅂ,1
1331,서비스,명,ㅅㅂㅅ,1
1057,서양,명,ㅅㅇ,0
6082,서양인,명,ㅅㅇㅇ,0
5000,서울,고,ㅅㅇ,0
5000,서울역,고,ㅅㅇㅇ,0
4805,서적,명,ㅅㅈ,0
5229,서점,명,ㅅㅈ,0
3152,서쪽,명,ㅅㅉ,0
2502,서클,명,ㅅㅋ,0
9634,석사,명,ㅅㅅ,1
2655,석유,명,ㅅㅇ,1
827,선,명,ㅅ,0
300,선거,명,ㅅㄱ,1
1741,선물,명,ㅅㅁ,0
1122,선배,명,ㅅㅂ,1
518,선생,명,ㅅㅅ,0
204,선생님,명,ㅅㅅㄴ,0
831,선수,명,ㅅㅅ,1
5368,선원,명,ㅅㅇ,0
2235,선장,명,ㅅㅈ,0
5230,선전,명,ㅅㅈ,0
3995,선진,명,ㅅㅈ,0
2025,선진국,명,ㅅㅈㄱ,0
2316,선택,명,ㅅㅌ,0
10100,선풍기,명,ㅅㅍㄱ,1
6435,설거지,명,ㅅㄱㅈ,1
4704,설날,명,ㅅㄴ,0
23768,설렁탕,명,ㅅㄹㅌ,0
965,설명,명,ㅅㅁ,0
4437,설문,명,ㅅㅁ,0
5000,설악산,고,ㅅㅇㅅ,0
2634,설치,명,ㅅㅊ,1
2236,설탕,명,ㅅㅌ,0
1964,섬,명,ㅅ,0
9193,섭씨,명,ㅅㅆ,1
5768,성,명,ㅅ,0
1378,성,명,ㅅ,0
4212,성,명,ㅅ,0
404,성격,명,ㅅㄱ,0
5631,성경,명,ㅅㄱ,0
2357,성공,명,ㅅㄱ,0
4911,성공적,명,ㅅㄱㅈ,0
9637,성당,명,ㅅㄷ,0
2712,성명,명,ㅅㅁ,0
8113,성별,명,ㅅㅂ,0
3997,성인,명,ㅅㅇ,0
1037,성장,명,ㅅㅈ,0
6619,성적,명,ㅅㅈ,0
2444,성적,명,ㅅㅈ,0
2866,성질,명,ㅅㅈ,0
18828,성함,명,ㅅㅎ,0
120,세계,명,ㅅㄱ,1
2251,세계관,명,ㅅㄱㄱ,0
2114,세계적,명,ㅅㄱㅈ,0
2160,세금,명,ㅅㄱ,0
406,세기,명,ㅅㄱ,1
1316,세대,명,ㅅㄷ,1
10105,세로,명,ㅅㄹ,1
5930,세미나,명,ㅅㅁㄴ,1
258,세상,명,ㅅㅅ,0
6621,세수,명,ㅅㅅ,1
1136,세월,명,ㅅㅇ,0
5931,세제,명,ㅅㅈ,1
5000,세종대왕,고,ㅅㅈㄷㅇ,0
8116,세탁,명,ㅅㅌ,0
8809,세탁기,명,ㅅㅌㄱ,1
18841,세탁소,명,ㅅㅌㅅ,1
5506,세트,명,ㅅㅌ,1
4132,센터,명,ㅅㅌ,1
2771,셋,수,ㅅ,0
2834,셋째,수,ㅅㅉ,1
2415,소,명,ㅅ,1
3416,소개,명,ㅅㄱ,1
4912,소규모,명,ㅅㄱㅁ,1
4524,소극적,명,ㅅㄱㅈ,0
1221,소금,명,ㅅㄱ,0
7278,소나기,명,ㅅㄴㄱ,1
2083,소나무,명,ㅅㄴㅁ,1
960,소녀,명,ㅅㄴ,1
1078,소년,명,ㅅㄴ,0
1665,소득,명,ㅅㄷ,0
80,소리,명,ㅅㄹ,1
5507,소망,명,ㅅㅁ,0
3998,소매,명,ㅅㅁ,1
1519,소문,명,ㅅㅁ,0
2041,소비,명,ㅅㅂ,1
775,소비자,명,ㅅㅂㅈ,1
604,소설,명,ㅅㅅ,0
4438,소설가,명,ㅅㅅㄱ,1
2218,소속,명,ㅅㅅ,0
3821,소수,명,ㅅㅅ,1
2713,소스,명,ㅅㅅ,1
9195,소시지,명,ㅅㅅㅈ,1
1079,소식,명,ㅅㅅ,0
21016,소아과,명,ㅅㅇㄱ,1
4525,소용,명,ㅅㅇ,0
3876,소원,명,ㅅㅇ,0
1538,소유,명,ㅅㅇ,1
2966,소유자,명,ㅅㅇㅈ,1
3043,소음,명,ㅅㅇ,0
1499,소재,명,ㅅㅈ,1
2772,소주,명,ㅅㅈ,1
6084,소지품,명,ㅅㅈㅍ,0
6260,소질,명,ㅅㅈ,0
4073,소파,명,ㅅㅍ,1
11884,소포,명,ㅅㅍ,1
5121,소풍,명,ㅅㅍ,0
1307,소프트웨어,명,ㅅㅍㅌㅇㅇ,1
4213,소형,명,ㅅㅎ,0
4807,소화,명,ㅅㅎ,1
60,속,명,ㅅ,0
3481,속담,명,ㅅㄷ,0
1072,속도,명,ㅅㄷ,1
9645,속마음,명,ㅅㅁㅇ,0
5122,속옷,명,ㅅㅇ,0
185,손,명,ㅅ,0
1273,손가락,명,ㅅㄱㄹ,0
5771,손길,명,ㅅㄱ,0
11888,손녀,명,ㅅㄴ,1
902,손님,명,ㅅㄴ,0
6830,손등,명,ㅅㄷ,0
5123,손목,명,ㅅㅁ,0
2773,손바닥,명,ㅅㅂㄷ,0
5025,손발,명,ㅅㅂ,0
8811,손뼉,명,ㅅㅃ,0
8121,손수건,명,ㅅㅅㄱ,0
5124,손실,명,ㅅㅅ,0
3154,손자,명,ㅅㅈ,1
7281,손잡이,명,ㅅㅈㅇ,1
4707,손질,명,ㅅㅈ,0
4708,손톱,명,ㅅㅌ,0
3008,손해,명,ㅅㅎ,1
6261,솜,명,ㅅ,0
2339,솜씨,명,ㅅㅆ,1
8122,송아지,명,ㅅㅇㅈ,1
6085,송이,명,ㅅㅇ,1
8813,송편,명,ㅅㅍ,0
6086,쇠,명,ㅅ,1
2181,쇠고기,명,ㅅㄱㄱ,1
3822,쇼,명,ㅅ,1
9202,쇼핑,명,ㅅㅍ,0
7045,수,명,ㅅ,1
907,수,명,ㅅ,1
4527,수건,명,ㅅㄱ,0
7816,수고,명,ㅅㄱ,1
6441,수년,명,ㅅㄴ,0
1274,수단,명,ㅅㄷ,0
1666,수도,명,ㅅㄷ,1
2931,수도권,명,ㅅㄷㄱ,0
7283,수도꼭지,명,ㅅㄷㄲㅈ,1
8124,수돗물,명,ㅅㄷㅁ,0
5508,수동적,명,ㅅㄷㅈ,0
4075,수면,명,ㅅㅁ,0
3937,수명,명,ㅅㅁ,0
4353,수박,명,ㅅㅂ,0
2575,수상,명,ㅅㅅ,0
1922,수석,명,ㅅㅅ,0
1722,수술,명,ㅅㅅ,0
9208,수업,명,ㅅㅇ,0
919,수업,명,ㅅㅇ,0
4134,수염,명,ㅅㅇ,0
2899,수영,명,ㅅㅇ,0
11896,수영장,명,ㅅㅇㅈ,0
1675,수요,명,ㅅㅇ,1
7818,수요일,명,ㅅㅇㅇ,0
2530,수입,명,ㅅㅇ,0
1180,수입,명,ㅅㅇ,0
8130,수입품,명,ㅅㅇㅍ,0
8438,수저,명,ㅅㅈ,1
522,수준,명,ㅅㅈ,0
5234,수집,명,ㅅㅈ,0
1161,수출,명,ㅅㅊ,0
6088,수컷,명,ㅅㅋ,0
3075,수표,명,ㅅㅍ,1
5235,수필,명,ㅅㅍ,0
7049,수학,명,ㅅㅎ,0
3823,수학,명,ㅅㅎ,0
4808,수험생,명,ㅅㅎㅅ,0
3417,수화기,명,ㅅㅎㄱ,1
9653,숙녀,명,ㅅㄴ,1
6446,숙소,명,ㅅㅅ,1
1627,숙제,명,ㅅㅈ,1
532,순간,명,ㅅㄱ,0
5637,순간적,명,ㅅㄱㅈ,0
1948,순서,명,ㅅㅅ,1
3759,순수,명,ㅅㅅ,1
4528,순식간,명,ㅅㅅㄱ,0
5774,순위,명,ㅅㅇ,1
7561,숟가락,명,ㅅㄱㄹ,0
372,술,명,ㅅ,0
7562,술병,명,ㅅㅂ,0
8134,술자리,명,ㅅㅈㄹ,1
5509,술잔,명,ㅅㅈ,0
2387,술집,명,ㅅㅈ,0
1137,숨,명,ㅅ,0
1820,숫자,명,ㅅㅈ,1
1038,숲,명,ㅅ,0
27846,쉰,수,ㅅ,0
6447,슈퍼마켓,명,ㅅㅍㅁㅋ,0
2900,스님,명,ㅅㄴ,0
10126,스물,수,ㅅㅁ,0
1340,스스로,명,ㅅㅅㄹ,1
2132,스승,명,ㅅㅅ,0
6628,스웨터,명,ㅅㅇㅌ,1
4354,스위치,명,ㅅㅇㅊ,1
17164,스케이트,명,ㅅㅋㅇㅌ,1
9213,스케줄,명,ㅅㅋㅈ,0
9214,스키,명,ㅅㅋ,1
10634,스키장,명,ㅅㅋㅈ,0
1676,스타,명,ㅅㅌ,1
2238,스타일,명,ㅅㅌㅇ,0
3646,스튜디오,명,ㅅㅌㄷㅇ,1
1486,스트레스,명,ㅅㅌㄹㅅ,1
1689,스포츠,명,ㅅㅍㅊ,1
2804,슬픔,명,ㅅㅍ,0
1742,습관,명,ㅅㄱ,0
7564,습기,명,ㅅㄱ,1
4136,승객,명,ㅅㄱ,0
2744,승리,명,ㅅㄹ,1
4079,승부,명,ㅅㅂ,1
2774,승용차,명,ㅅㅇㅊ,1
3591,승진,명,ㅅㅈ,0
2657,시,명,ㅅ,1
442,시,명,ㅅ,1
3760,시각,명,ㅅㄱ,0
1264,시각,명,ㅅㄱ,0
99,시간,명,ㅅㄱ,0
1677,시계,명,ㅅㄱ,1
1539,시골,명,ㅅㄱ,0
7823,시금치,명,ㅅㄱㅊ,1
4080,시기,명,ㅅㄱ,1
579,시기,명,ㅅㄱ,1
5126,시나리오,명,ㅅㄴㄹㅇ,1
2340,시내,명,ㅅㄴ,1
12628,시내버스,명,ㅅㄴㅂㅅ,1
111,시대,명,ㅅㄷ,1
10637,시대적,명,ㅅㄷㅈ,0
9658,시댁,명,ㅅㄷ,0
4530,시도,명,ㅅㄷ,1
8823,시디,명,ㅅㄷ,1
6267,시디롬,명,ㅅㄷㄹ,0
1548,시리즈,명,ㅅㄹㅈ,1
4001,시멘트,명,ㅅㅁㅌ,1
611,시민,명,ㅅㅁ,0
9660,시부모,명,ㅅㅂㅁ,1
1027,시선,명,ㅅㅅ,0
650,시설,명,ㅅㅅ,0
1641,시스템,명,ㅅㅅㅌ,0
27910,시아버지,명,ㅅㅇㅂㅈ,1
4915,시야,명,ㅅㅇ,1
3824,시어머니,명,ㅅㅇㅁㄴ,1
9222,시외,명,ㅅㅇ,1
18933,시외버스,명,ㅅㅇㅂㅅ,1
1509,시월,명,ㅅㅇ,0
1463,시위,명,ㅅㅇ,1
890,시인,명,ㅅㅇ,0
5935,시일,명,ㅅㅇ,0
1454,시작,명,ㅅㅈ,0
5513,시장,명,ㅅㅈ,0
218,시장,명,ㅅㅈ,0
559,시절,명,ㅅㅈ,0
2239,시점,명,ㅅㅈ,0
3482,시중,명,ㅅㅈ,0
3938,시즌,명,ㅅㅈ,0
3825,시집,명,ㅅㅈ,0
4532,시집,명,ㅅㅈ,0
5639,시청,명,ㅅㅊ,0
5514,시청률,명,ㅅㅊㄹ,0
2503,시청자,명,ㅅㅊㅈ,1
5936,시합,명,ㅅㅎ,0
639,시험,명,ㅅㅎ,0
1556,식구,명,ㅅㄱ,1
8140,식기,명,ㅅㄱ,1
1393,식당,명,ㅅㄷ,0
1907,식량,명,ㅅㄹ,0
10131,식료품,명,ㅅㄹㅍ,0
1444,식물,명,ㅅㅁ,0
4711,식빵,명,ㅅㅃ,0
928,식사,명,ㅅㅅ,1
6268,식생활,명,ㅅㅅㅎ,0
8444,식욕,명,ㅅㅇ,0
2635,식용유,명,ㅅㅇㅇ,1
6091,식초,명,ㅅㅊ,1
2932,식탁,명,ㅅㅌ,0
1723,식품,명,ㅅㅍ,0
27929,식품점,명,ㅅㅍㅈ,0
2341,신,명,ㅅ,0
1141,신,명,ㅅ,0
1022,신경,명,ㅅㄱ,0
2687,신고,명,ㅅㄱ,1
4002,신규,명,ㅅㄱ,1
4082,신념,명,ㅅㄴ,0
5000,신라,고,ㅅㄹ,1
3156,신랑,명,ㅅㄹ,0
513,신문,명,ㅅㅁ,0
5516,신문사,명,ㅅㅁㅅ,1
5127,신문지,명,ㅅㅁㅈ,1
2199,신발,명,ㅅㅂ,0
7054,신부,명,ㅅㅂ,1
2285,신부,명,ㅅㅂ,1
2133,신분,명,ㅅㅂ,0
5238,신비,명,ㅅㅂ,1
8826,신사,명,ㅅㅅ,1
5239,신설,명,ㅅㅅ,0
4355,신세,명,ㅅㅅ,1
4810,신세대,명,ㅅㅅㄷ,1
2266,신용,명,ㅅㅇ,0
4214,신인,명,ㅅㅇ,0
4083,신입생,명,ㅅㅇㅅ,0
5940,신제품,명,ㅅㅈㅍ,0
2359,신청,명,ㅅㅊ,0
7828,신청서,명,ㅅㅊㅅ,1
1209,신체,명,ㅅㅊ,1
9666,신체적,명,ㅅㅊㅈ,0
2868,신호,명,ㅅㅎ,1
6269,신호등,명,ㅅㅎㄷ,0
8828,신혼부부,명,ㅅㅎㅂㅂ,1
6270,신혼여행,명,ㅅㅎㅇㅎ,0
1575,신화,명,ㅅㅎ,1
6271,실,명,ㅅ,0
5240,실감,명,ㅅㄱ,0
2343,실내,명,ㅅㄴ,1
3193,실력,명,ㅅㄹ,0
7291,실례,명,ㅅㄹ,1
5241,실망,명,ㅅㅁ,0
1540,실수,명,ㅅㅅ,1
3157,실습,명,ㅅㅅ,0
1870,실시,명,ㅅㅅ,1
4288,실장,명,ㅅㅈ,0
2162,실정,명,ㅅㅈ,0
1809,실제,명,ㅅㅈ,1
3761,실질적,명,ㅅㅈㅈ,0
943,실천,명,ㅅㅊ,0
2504,실체,명,ㅅㅊ,1
3076,실태,명,ㅅㅌ,1
3242,실패,명,ㅅㅍ,1
1908,실험,명,ㅅㅎ,0
3537,실현,명,ㅅㅎ,0
2416,심리,명,ㅅㄹ,1
6451,심리적,명,ㅅㄹㅈ,0
6095,심부름,명,ㅅㅂㄹ,0
3484,심사,명,ㅅㅅ,1
2042,심장,명,ㅅㅈ,0
2417,심정,명,ㅅㅈ,0
4005,심판,명,ㅅㅍ,0
24036,십,수,ㅅ,0
1410,십이월,명,ㅅㅇㅇ,0
2099,십일월,명,ㅅㅇㅇ,0
7292,싸구려,명,ㅆㄱㄹ,1
1384,싸움,명,ㅆㅇ,0
8146,싼값,명,ㅆㄱ,0
695,쌀,명,ㅆ,0
5778,쌍,명,ㅆ,0
5031,쌍둥이,명,ㅆㄷㅇ,1
1046,쓰레기,명,ㅆㄹㄱ,1
7835,쓰레기통,명,ㅆㄹㄱㅌ,0
9675,쓴맛,명,ㅆㅁ,0
3361,씨,명,ㅆ,1
5374,씨름,명,ㅆㄹ,0
6096,씨앗,명,ㅆㅇ,0
2474,아가씨,명,ㅇㄱㅆ,1
615,아기,명,ㅇㄱ,1
4356,아까,명,ㅇㄲ,1
913,아나운서,명,ㅇㄴㅇㅅ,1
408,아내,명,ㅇㄴ,1
24058,아드님,명,ㅇㄷㄴ,0
295,아들,명,ㅇㄷ,0
453,아래,명,ㅇㄹ,1
7059,아래쪽,명,ㅇㄹㅉ,0
11936,아래층,명,ㅇㄹㅊ,0
7836,아랫사람,명,ㅇㄹㅅㄹ,0
4712,아르바이트,명,ㅇㄹㅂㅇㅌ,1
908,아무,대,ㅇㅁ,1
4533,아무개,대,ㅇㅁㄱ,1
1464,아무것,명,ㅇㅁㄱ,0
2870,아버님,명,ㅇㅂㄴ,0
153,아버지,명,ㅇㅂㅈ,1
379,아빠,명,ㅇㅃ,1
5375,아쉬움,명,ㅇㅅㅇ,0
7060,아스팔트,명,ㅇㅅㅍㅌ,1
5000,아시아,고,ㅇㅅㅇ,1
96,아이,명,ㅇㅇ,1
2531,아이디어,명,ㅇㅇㄷㅇ,1
14611,아이스크림,명,ㅇㅇㅅㅋㄹ,0
616,아저씨,명,ㅇㅈㅆ,1
1743,아주머니,명,ㅇㅈㅁㄴ,1
2419,아줌마,명,ㅇㅈㅁ,1
323,아침,명,ㅇㅊ,0
851,아파트,명,ㅇㅍㅌ,1
5000,아프리카,고,ㅇㅍㄹㅋ,1
2361,아픔,명,ㅇㅍ,0
12669,아홉,수,ㅇㅎ,0
49265,아흔,수,ㅇㅎ,0
3122,악기,명,ㅇㄱ,1
4218,악몽,명,ㅇㅁ,0
4290,악수,명,ㅇㅅ,1
118,안,명,ㅇ,0
8153,안,명,ㅇ,0
3762,안개,명,ㅇㄱ,1
2659,안경,명,ㅇㄱ,0
15800,안과,명,ㅇㄱ,1
4219,안내,명,ㅇㄴ,1
5000,안동,고,ㅇㄷ,0
2136,안방,명,ㅇㅂ,0
8154,안부,명,ㅇㅂ,1
2115,안전,명,ㅇㅈ,0
1474,안정,명,ㅇㅈ,0
4623,안주,명,ㅇㅈ,1
3362,안쪽,명,ㅇㅉ,0
4445,안팎,명,ㅇㅍ,0
2200,알,명,ㅇ,0
5246,알루미늄,명,ㅇㄹㅁㄴ,0
7066,알코올,명,ㅇㅋㅇ,0
4358,암,명,ㅇ,0
5783,암시,명,ㅇㅅ,1
5946,암컷,명,ㅇㅋ,0
2008,압력,명,ㅇㄹ,0
64,앞,명,ㅇ,0
5376,앞길,명,ㅇㄱ,0
5784,앞날,명,ㅇㄴ,0
4220,앞뒤,명,ㅇㄷ,1
10669,앞문,명,ㅇㅁ,0
8457,앞바다,명,ㅇㅂㄷ,1
7838,앞쪽,명,ㅇㅉ,0
4291,애,명,ㅇ,1
315,애,명,ㅇ,1
3419,애인,명,ㅇㅇ,0
3078,애정,명,ㅇㅈ,0
3420,애초,명,ㅇㅊ,1
7068,액세서리,명,ㅇㅅㅅㄹ,1
2971,액수,명,ㅇㅅ,1
7840,앨범,명,ㅇㅂ,0
5644,야간,명,ㅇㄱ,0
2688,야구,명,ㅇㄱ,1
19003,야구장,명,ㅇㄱㅈ,0
4360,야단,명,ㅇㄷ,0
6098,야외,명,ㅇㅇ,1
3194,야채,명,ㅇㅊ,1
9247,약,명,ㅇ,0
2027,약,명,ㅇ,0
2363,약간,명,ㅇㄱ,0
7298,약국,명,ㅇㄱ,0
1203,약속,명,ㅇㅅ,0
9248,약수,명,ㅇㅅ,1
4534,약점,명,ㅇㅈ,0
9249,약품,명,ㅇㅍ,0
28129,약혼녀,명,ㅇㅎㄴ,1
34677,약혼자,명,ㅇㅎㅈ,1
7841,양,명,ㅇ,0
1428,양,명,ㅇ,0
3044,양국,명,ㅇㄱ,0
3422,양념,명,ㅇㄴ,0
21230,양력,명,ㅇㄹ,0
5248,양말,명,ㅇㅁ,0
9250,양배추,명,ㅇㅂㅊ,1
9251,양보,명,ㅇㅂ,1
4535,양복,명,ㅇㅂ,0
8459,양상추,명,ㅇㅅㅊ,1
34701,양식,명,ㅇㅅ,0
1831,양식,명,ㅇㅅ,0
4007,양심,명,ㅇㅅ,0
9252,양옆,명,ㅇㅇ,0
8157,양주,명,ㅇㅈ,1
2532,양쪽,명,ㅇㅉ,0
2116,양파,명,ㅇㅍ,1
237,얘기,명,ㅇㄱ,1
975,어깨,명,ㅇㄲ,1
1475,어둠,명,ㅇㄷ,0
155,어디,대,ㅇㄷ,1
1455,어려움,명,ㅇㄹㅇ,0
653,어른,명,ㅇㄹ,0
4084,어린아이,명,ㅇㄹㅇㅇ,1
4624,어린애,명,ㅇㄹㅇ,1
802,어린이,명,ㅇㄹㅇ,1
8160,어린이날,명,ㅇㄹㅇㄴ,0
106,어머니,명,ㅇㅁㄴ,1
2902,어머님,명,ㅇㅁㄴ,0
28175,어저께,명,ㅇㅈㄲ,1
2252,어제,명,ㅇㅈ,1
5378,어젯밤,명,ㅇㅈㅂ,0
34770,억,수,ㅇ,0
497,언니,명,ㅇㄴ,1
4221,언덕,명,ㅇㄷ,0
1029,언론,명,ㅇㄹ,0
667,언어,명,ㅇㅇ,1
1008,언제,대,ㅇㅈ,1
157,얼굴,명,ㅇㄱ,0
402,얼마,명,ㅇㅁ,1
9690,얼마간,명,ㅇㅁㄱ,0
3593,얼음,명,ㅇㅇ,0
240,엄마,명,ㅇㅁ,1
1105,업무,명,ㅇㅁ,1
2637,업종,명,ㅇㅈ,0
1123,업체,명,ㅇㅊ,1
3196,엉덩이,명,ㅇㄷㅇ,1
5379,엉망,명,ㅇㅁ,0
7304,엉터리,명,ㅇㅌㄹ,1
1210,에너지,명,ㅇㄴㅈ,1
7071,에어컨,명,ㅇㅇㅋ,0
5131,엔진,명,ㅇㅈ,0
4816,엘리베이터,명,ㅇㄹㅂㅇㅌ,1
4539,여,명,ㅇ,1
6101,여가,명,ㅇㄱ,1
2202,여건,명,ㅇㄱ,0
9261,여고생,명,ㅇㄱㅅ,0
5380,여관,명,ㅇㄱ,0
5519,여군,명,ㅇㄱ,0
4142,여권,명,ㅇㄱ,0
144,여기,대,ㅇㄱ,1
2084,여기저기,명,ㅇㄱㅈㄱ,1
8467,여대생,명,ㅇㄷㅅ,0
34841,여덟,수,ㅇㄷ,0
6102,여동생,명,ㅇㄷㅅ,0
13584,여든,수,ㅇㄷ,0
1300,여러분,대,ㅇㄹㅂ,0
3700,여럿,명,ㅇㄹ,0
1979,여론,명,ㅇㄹ,0
766,여름,명,ㅇㄹ,0
3764,여름철,명,ㅇㄹㅊ,0
17283,여섯,수,ㅇㅅ,0
146,여성,명,ㅇㅅ,0
9263,여왕,명,ㅇㅇ,0
5249,여우,명,ㅇㅇ,1
1994,여유,명,ㅇㅇ,1
2085,여인,명,ㅇㅇ,0
84,여자,명,ㅇㅈ,1
10153,여직원,명,ㅇㅈㅇ,0
3287,여학생,명,ㅇㅎㅅ,0
984,여행,명,ㅇㅎ,0
6642,여행사,명,ㅇㅎㅅ,1
1667,역,명,ㅇ,0
4087,역,명,ㅇ,0
208,역사,명,ㅇㅅ,1
2319,역사가,명,ㅇㅅㄱ,1
5787,역사상,명,ㅇㅅㅅ,0
2601,역사적,명,ㅇㅅㅈ,0
6842,역사학,명,ㅇㅅㅎ,0
443,역할,명,ㅇㅎ,0
3826,연간,명,ㅇㄱ,0
4364,연결,명,ㅇㄱ,0
4365,연관,명,ㅇㄱ,0
239,연구,명,ㅇㄱ,1
1950,연구소,명,ㅇㄱㅅ,1
6275,연구실,명,ㅇㄱㅅ,0
4817,연구원,명,ㅇㄱㅇ,0
2320,연구자,명,ㅇㄱㅈ,1
543,연극,명,ㅇㄱ,0
6458,연기,명,ㅇㄱ,1
2364,연기,명,ㅇㄱ,1
1724,연기,명,ㅇㄱ,1
2321,연기자,명,ㅇㄱㅈ,1
17294,연두색,명,ㅇㄷㅅ,0
2267,연락,명,ㅇㄹ,0
15856,연락처,명,ㅇㄹㅊ,1
4540,연령,명,ㅇㄹ,0
3124,연말,명,ㅇㅁ,0
3702,연설,명,ㅇㅅ,0
15860,연세,명,ㅇㅅ,1
3321,연속,명,ㅇㅅ,0
1896,연습,명,ㅇㅅ,0
4819,연애,명,ㅇㅇ,1
3539,연예인,명,ㅇㅇㅇ,0
5520,연인,명,ㅇㅇ,0
5521,연장,명,ㅇㅈ,0
5788,연주,명,ㅇㅈ,1
2638,연출,명,ㅇㅊ,0
3703,연필,명,ㅇㅍ,0
2661,연합,명,ㅇㅎ,0
4820,연휴,명,ㅇㅎ,1
9266,열,수,ㅇ,0
1821,열,명,ㅇ,0
4628,열기,명,ㅇㄱ,1
3596,열매,명,ㅇㅁ,1
4143,열쇠,명,ㅇㅅ,1
4223,열정,명,ㅇㅈ,0
2602,열차,명,ㅇㅊ,1
5523,열흘,명,ㅇㅎ,0
3704,염려,명,ㅇㄹ,1
7581,엽서,명,ㅇㅅ,1
5000,영국,고,ㅇㄱ,0
7853,영남,명,ㅇㄴ,0
2578,영상,명,ㅇㅅ,0
28312,영상,명,ㅇㅅ,0
2163,영양,명,ㅇㅇ,0
1090,영어,명,ㅇㅇ,1
3288,영업,명,ㅇㅇ,0
1349,영역,명,ㅇㅇ,0
5385,영웅,명,ㅇㅇ,0
5037,영하,명,ㅇㅎ,1
455,영향,명,ㅇㅎ,0
4089,영향력,명,ㅇㅎㄹ,0
2579,영혼,명,ㅇㅎ,0
341,영화,명,ㅇㅎ,1
11308,영화관,명,ㅇㅎㄱ,0
8168,영화배우,명,ㅇㅎㅂㅇ,1
3827,영화제,명,ㅇㅎㅈ,1
444,옆,명,ㅇ,0
5038,옆구리,명,ㅇㄱㄹ,1
10162,옆방,명,ㅇㅂ,0
6107,옆집,명,ㅇㅈ,0
3289,예,명,ㅇ,1
452,예,명,ㅇ,1
3943,예감,명,ㅇㄱ,0
2009,예금,명,ㅇㄱ,0
3290,예방,명,ㅇㅂ,0
7583,예보,명,ㅇㅂ,1
4541,예비,명,ㅇㅂ,1
1629,예산,명,ㅇㅅ,0
2690,예상,명,ㅇㅅ,0
5524,예선,명,ㅇㅅ,0
21340,예순,수,ㅇㅅ,0
205,예술,명,ㅇㅅ,0
1701,예술가,명,ㅇㅅㄱ,1
11311,예술적,명,ㅇㅅㅈ,0
28337,예습,명,ㅇㅅ,0
15879,예식장,명,ㅇㅅㅈ,0
9271,예약,명,ㅇㅇ,0
3244,예외,명,ㅇㅇ,1
4090,예의,명,ㅇㅇ,1
1832,예전,명,ㅇㅈ,0
2449,예절,명,ㅇㅈ,0
999,예정,명,ㅇㅈ,0
617,옛날,명,ㅇㄴ,0
8863,옛날이야기,명,ㅇㄴㅇㅇㄱ,1
21348,오,수,ㅇ,1
310,오늘,명,ㅇㄴ,0
721,오늘날,명,ㅇㄴㄴ,0
5650,오락,명,ㅇㄹ,0
6108,오래간만,명,ㅇㄹㄱㅁ,0
2203,오래전,명,ㅇㄹㅈ,0
2390,오랜만,명,ㅇㄹㅁ,0
1420,오랫동안,명,ㅇㄹㄷㅇ,0
4145,오렌지,명,ㅇㄹㅈ,1
8169,오른발,명,ㅇㄹㅂ,0
5651,오른손,명,ㅇㄹㅅ,0
1897,오른쪽,명,ㅇㄹㅉ,0
6846,오리,명,ㅇㄹ,1
8865,오븐,명,ㅇㅂ,0
1000,오빠,명,ㅇㅃ,1
19100,오십,수,ㅇㅅ,0
1222,오염,명,ㅇㅇ,0
991,오월,명,ㅇㅇ,0
7076,오이,명,ㅇㅇ,1
1193,오전,명,ㅇㅈ,0
2287,오징어,명,ㅇㅈㅇ,1
4224,오페라,명,ㅇㅍㄹ,1
10167,오피스텔,명,ㅇㅍㅅㅌ,0
3426,오해,명,ㅇㅎ,1
606,오후,명,ㅇㅎ,1
7857,옥상,명,ㅇㅅ,0
5527,옥수수,명,ㅇㅅㅅ,1
2475,온도,명,ㅇㄷ,1
17329,온돌,명,ㅇㄷ,0
8478,온라인,명,ㅇㄹㅇ,0
2268,온몸,명,ㅇㅁ,0
8866,온종일,명,ㅇㅈㅇ,0
4449,올,명,ㅇ,0
10168,올가을,명,ㅇㄱㅇ,0
1437,올림픽,명,ㅇㄹㅍ,0
9709,올여름,명,ㅇㅇㄹ,0
701,올해,명,ㅇㅎ,1
530,옷,명,ㅇ,0
4630,옷차림,명,ㅇㅊㄹ,0
10169,와이셔츠,명,ㅇㅇㅅㅊ,1
8867,와인,명,ㅇㅇ,0
3291,완성,명,ㅇㅅ,0
3245,완전,명,ㅇㅈ,0
1142,왕,명,ㅇ,0
8869,왕비,명,ㅇㅂ,1
4923,왕자,명,ㅇㅈ,1
8481,외갓집,명,ㅇㄱㅈ,0
35141,외과,명,ㅇㄱ,1
2346,외교,명,ㅇㄱ,1
5039,외교관,명,ㅇㄱㄱ,0
651,외국,명,ㅇㄱ,0
5040,외국어,명,ㅇㄱㅇ,1
1611,외국인,명,ㅇㄱㅇ,0
4717,외로움,명,ㅇㄹㅇ,0
4146,외모,명,ㅇㅁ,1
1711,외부,명,ㅇㅂ,1
7078,외삼촌,명,ㅇㅅㅊ,0
13623,외아들,명,ㅇㅇㄷ,0
9713,외제,명,ㅇㅈ,1
5257,외출,명,ㅇㅊ,0
6113,외침,명,ㅇㅊ,0
8482,외할머니,명,ㅇㅎㅁㄴ,1
14690,외할아버지,명,ㅇㅎㅇㅂㅈ,1
7860,왼발,명,ㅇㅂ,0
6649,왼손,명,ㅇㅅ,0
1822,왼쪽,명,ㅇㅉ,0
979,요구,명,ㅇㄱ,1
2288,요금,명,ㅇㄱ,0
1604,요리,명,ㅇㄹ,1
6848,요리사,명,ㅇㄹㅅ,1
3649,요새,명,ㅇㅅ,1
7586,요일,명,ㅇㅇ,0
2603,요즈음,명,ㅇㅈㅇ,0
399,요즘,명,ㅇㅈ,0
3011,요청,명,ㅇㅊ,0
3323,욕,명,ㅇ,0
7587,욕실,명,ㅇㅅ,0
2973,욕심,명,ㅇㅅ,0
5132,용,명,ㅇ,0
1909,용기,명,ㅇㄱ,1
5258,용기,명,ㅇㄱ,1
3829,용도,명,ㅇㄷ,1
2289,용돈,명,ㅇㄷ,0
8173,용서,명,ㅇㅅ,1
1898,용어,명,ㅇㅇ,1
1631,우려,명,ㅇㄹ,1
13,우리,대,ㅇㄹ,1
181,우리나라,명,ㅇㄹㄴㄹ,1
2716,우리말,명,ㅇㄹㅁ,0
1632,우산,명,ㅇㅅ,0
2974,우승,명,ㅇㅅ,0
2065,우유,명,ㅇㅇ,1
4369,우정,명,ㅇㅈ,0
578,우주,명,ㅇㅈ,1
5791,우체국,명,ㅇㅊㄱ,0
8177,우편,명,ㅇㅍ,0
12746,우표,명,ㅇㅍ,1
3012,운,명,ㅇ,0
123,운동,명,ㅇㄷ,0
19150,운동복,명,ㅇㄷㅂ,0
2534,운동장,명,ㅇㄷㅈ,0
9285,운동화,명,ㅇㄷㅎ,1
1871,운명,명,ㅇㅁ,0
8875,운반,명,ㅇㅂ,0
3707,운전,명,ㅇㅈ,0
7592,운전기사,명,ㅇㅈㄱㅅ,1
2580,운전사,명,ㅇㅈㅅ,1
4720,운전자,명,ㅇㅈㅈ,1
5133,운행,명,ㅇㅎ,0
5000,울산,고,ㅇㅅ,0
3197,울음,명,ㅇㅇ,0
4542,울음소리,명,ㅇㅇㅅㄹ,1
1099,움직임,명,ㅇㅈㅇ,0
8877,웃어른,명,ㅇㅇㄹ,0
909,웃음,명,ㅇㅇ,0
7082,웃음소리,명,ㅇㅇㅅㄹ,1
5528,원,명,ㅇ,0
3127,원고,명,ㅇㄱ,1
1173,원래,명,ㅇㄹ,1
6852,원서,명,ㅇㅅ,1
7321,원숭이,명,ㅇㅅㅇ,1
656,원인,명,ㅇㅇ,0
3324,원장,명,ㅇㅈ,0
10182,원피스,명,ㅇㅍㅅ,1
3541,월급,명,ㅇㄱ,0
6279,월드컵,명,ㅇㄷㅋ,0
15942,월세,명,ㅇㅅ,1
4823,월요일,명,ㅇㅇㅇ,0
5259,웨이터,명,ㅇㅇㅌ,1
3428,웬일,명,ㅇㅇ,0
122,위,명,ㅇ,1
7868,위,명,ㅇ,1
1421,위기,명,ㅇㄱ,1
6463,위로,명,ㅇㄹ,1
2182,위반,명,ㅇㅂ,0
7323,위법,명,ㅇㅂ,0
4824,위성,명,ㅇㅅ,0
9724,위아래,명,ㅇㅇㄹ,1
1211,위원,명,ㅇㅇ,0
1690,위원장,명,ㅇㅇㅈ,0
2290,위주,명,ㅇㅈ,1
7086,위쪽,명,ㅇㅉ,0
15946,위층,명,ㅇㅊ,0
895,위치,명,ㅇㅊ,1
1744,위험,명,ㅇㅎ,0
7594,위험성,명,ㅇㅎㅅ,0
2691,위협,명,ㅇㅎ,0
5954,윗몸,명,ㅇㅁ,0
10184,윗사람,명,ㅇㅅㄹ,0
2717,유교,명,ㅇㄱ,1
5000,유럽,고,ㅇㄹ,0
3247,유리,명,ㅇㄹ,1
4721,유리창,명,ㅇㄹㅊ,0
6281,유머,명,ㅇㅁ,1
4926,유명,명,ㅇㅁ,0
3325,유물,명,ㅇㅁ,0
5388,유산,명,ㅇㅅ,0
1080,유월,명,ㅇㅇ,0
3881,유적,명,ㅇㅈ,0
8493,유적지,명,ㅇㅈㅈ,1
3489,유치원,명,ㅇㅊㅇ,0
2838,유학,명,ㅇㅎ,0
4452,유학,명,ㅇㅎ,0
6655,유학생,명,ㅇㅎㅅ,0
3542,유행,명,ㅇㅎ,0
4929,유형,명,ㅇㅎ,0
17406,육,수,ㅇ,0
4371,육군,명,ㅇㄱ,0
5796,육상,명,ㅇㅅ,0
28580,육십,수,ㅇㅅ,0
2164,육체,명,ㅇㅊ,1
7325,육체적,명,ㅇㅊㅈ,0
6656,은,명,ㅇ,0
599,은행,명,ㅇㅎ,0
5530,은행나무,명,ㅇㅎㄴㅁ,1
7327,음력,명,ㅇㄹ,0
2291,음료,명,ㅇㄹ,1
7093,음료수,명,ㅇㄹㅅ,1
9730,음반,명,ㅇㅂ,0
3367,음성,명,ㅇㅅ,0
395,음식,명,ㅇㅅ,0
3944,음식물,명,ㅇㅅㅁ,0
4372,음식점,명,ㅇㅅㅈ,0
586,음악,명,ㅇㅇ,0
8499,음악가,명,ㅇㅇㄱ,1
5797,음주,명,ㅇㅈ,1
726,의견,명,ㅇㄱ,0
9732,의논,명,ㅇㄴ,0
1702,의도,명,ㅇㄷ,1
5391,의도적,명,ㅇㄷㅈ,0
6284,의류,명,ㅇㄹ,1
2605,의무,명,ㅇㅁ,1
1995,의문,명,ㅇㅁ,0
228,의미,명,ㅇㅁ,1
1980,의복,명,ㅇㅂ,0
2241,의사,명,ㅇㅅ,1
1295,의사,명,ㅇㅅ,1
374,의식,명,ㅇㅅ,0
3431,의식,명,ㅇㅅ,0
3830,의심,명,ㅇㅅ,0
3490,의욕,명,ㅇㅇ,0
492,의원,명,ㅇㅇ,0
2292,의자,명,ㅇㅈ,1
1014,의지,명,ㅇㅈ,1
2777,의학,명,ㅇㅎ,0
2692,이,명,ㅇ,1
30,이,대,ㅇ,1
9733,이,수,ㅇ,1
314,이거,대,ㅇㄱ,1
170,이것,대,ㅇㄱ,0
5656,이것저것,명,ㅇㄱㅈㄱ,0
624,이곳,대,ㅇㄱ,0
9294,이곳저곳,명,ㅇㄱㅈㄱ,0
618,이날,명,ㅇㄴ,0
4093,이내,명,ㅇㄴ,1
1365,이념,명,ㅇㄴ,0
4543,이놈,대,ㅇㄴ,0
9296,이다음,명,ㅇㄷㅇ,0
3199,이달,명,ㅇㄷ,0
806,이데올로기,명,ㅇㄷㅇㄹㄱ,1
2366,이동,명,ㅇㄷ,0
548,이때,명,ㅇㄸ,1
4544,이력서,명,ㅇㄹㅅ,1
6861,이론적,명,ㅇㄹㅈ,0
241,이름,명,ㅇㄹ,0
2476,이마,명,ㅇㅁ,1
4827,이모,명,ㅇㅁ,1
1100,이미지,명,ㅇㅁㅈ,1
10193,이민,명,ㅇㅁ,0
9738,이발소,명,ㅇㅂㅅ,1
172,이번,명,ㅇㅂ,0
5798,이별,명,ㅇㅂ,0
8505,이분,대,ㅇㅂ,0
2718,이불,명,ㅇㅂ,0
6117,이빨,명,ㅇㅃ,0
1953,이사,명,ㅇㅅ,1
4009,이사장,명,ㅇㅅㅈ,0
194,이상,명,ㅇㅅ,0
2694,이상,명,ㅇㅅ,0
2117,이상,명,ㅇㅅ,0
3650,이상적,명,ㅇㅅㅈ,0
2719,이성,명,ㅇㅅ,0
10194,이성,명,ㅇㅅ,0
5657,이슬,명,ㅇㅅ,0
51771,이십,수,ㅇㅅ,0
197,이야기,명,ㅇㅇㄱ,1
1438,이외,명,ㅇㅇ,1
1642,이용,명,ㅇㅇ,0
6465,이용자,명,ㅇㅇㅈ,1
951,이웃,명,ㅇㅇ,0
5532,이웃집,명,ㅇㅇㅈ,0
1783,이월,명,ㅇㅇ,0
249,이유,명,ㅇㅇ,1
1412,이익,명,ㅇㅇ,0
4010,이자,명,ㅇㅈ,1
869,이전,명,ㅇㅈ,0
370,이제,명,ㅇㅈ,1
4296,이중,명,ㅇㅈ,0
1885,이쪽,대,ㅇㅉ,0
2807,이튿날,명,ㅇㅌㄴ,0
2422,이틀,명,ㅇㅌ,0
1965,이하,명,ㅇㅎ,1
6118,이해,명,ㅇㅎ,1
930,이해,명,ㅇㅎ,1
5958,이해관계,명,ㅇㅎㄱㄱ,1
7339,이혼,명,ㅇㅎ,0
270,이후,명,ㅇㅎ,1
2873,인,명,ㅇ,0
102,인간,명,ㅇㄱ,0
5658,인간관계,명,ㅇㄱㄱㄱ,1
5136,인간성,명,ㅇㄱㅅ,0
4095,인간적,명,ㅇㄱㅈ,0
2663,인격,명,ㅇㄱ,0
4149,인공,명,ㅇㄱ,0
1302,인구,명,ㅇㄱ,1
3491,인근,명,ㅇㄱ,0
849,인기,명,ㅇㄱ,1
10731,인도,명,ㅇㄷ,1
828,인류,명,ㅇㄹ,1
706,인물,명,ㅇㅁ,0
1488,인사,명,ㅇㅅ,1
1204,인사,명,ㅇㅅ,1
1244,인사,명,ㅇㅅ,1
8893,인사말,명,ㅇㅅㅁ,0
8512,인삼,명,ㅇㅅ,0
15996,인삼차,명,ㅇㅅㅊ,1
8513,인상,명,ㅇㅅ,0
2066,인상,명,ㅇㅅ,0
2451,인상,명,ㅇㅅ,0
5138,인상적,명,ㅇㅅㅈ,0
880,인생,명,ㅇㅅ,0
7102,인쇄,명,ㅇㅅ,1
2367,인연,명,ㅇㅇ,0
4298,인원,명,ㅇㅇ,0
5800,인재,명,ㅇㅈ,1
10198,인제,명,ㅇㅈ,1
5801,인종,명,ㅇㅈ,0
5000,인천,고,ㅇㅊ,0
5000,인천공항,고,ㅇㅊㄱㅎ,0
3200,인체,명,ㅇㅊ,1
2452,인터넷,명,ㅇㅌㄴ,0
4300,인터뷰,명,ㅇㅌㅂ,1
4454,인하,명,ㅇㅎ,1
4636,인형,명,ㅇㅎ,0
29,일,명,ㅇ,0
7600,일,수,ㅇ,0
17461,일곱,수,ㅇㄱ,0
7883,일기,명,ㅇㄱ,1
3433,일기,명,ㅇㄱ,1
8191,일등,명,ㅇㄷ,0
696,일반,명,ㅇㅂ,0
3493,일반인,명,ㅇㅂㅇ,0
1324,일반적,명,ㅇㅂㅈ,0
5000,일본,고,ㅇㅂ,0
12030,일본어,명,ㅇㅂㅇ,1
398,일부,명,ㅇㅂ,1
2720,일상,명,ㅇㅅ,0
3014,일상생활,명,ㅇㅅㅅㅎ,0
4933,일상적,명,ㅇㅅㅈ,0
3883,일생,명,ㅇㅅ,0
6122,일손,명,ㅇㅅ,0
5802,일시적,명,ㅇㅅㅈ,0
52043,일식,명,ㅇㅅ,0
3652,일쑤,명,ㅇㅆ,1
1784,일요일,명,ㅇㅇㅇ,0
1725,일월,명,ㅇㅇ,0
3709,일자,명,ㅇㅈ,1
7884,일자리,명,ㅇㅈㄹ,1
3083,일정,명,ㅇㅈ,0
2118,일종,명,ㅇㅈ,0
1456,일주일,명,ㅇㅈㅇ,0
3653,일체,명,ㅇㅊ,1
4638,일치,명,ㅇㅊ,1
2368,일행,명,ㅇㅎ,0
7343,일회용,명,ㅇㅎㅇ,0
9305,일회용품,명,ㅇㅎㅇㅍ,0
13695,일흔,수,ㅇㅎ,0
4097,임금,명,ㅇㄱ,0
1048,임금,명,ㅇㄱ,0
3769,임무,명,ㅇㅁ,1
2808,임시,명,ㅇㅅ,1
1549,임신,명,ㅇㅅ,0
5393,임신부,명,ㅇㅅㅂ,1
338,입,명,ㅇ,0
2165,입구,명,ㅇㄱ,1
14774,입국,명,ㅇㄱ,0
4725,입대,명,ㅇㄷ,1
5961,입력,명,ㅇㄹ,0
4229,입맛,명,ㅇㅁ,0
8518,입사,명,ㅇㅅ,1
1679,입술,명,ㅇㅅ,0
1106,입시,명,ㅇㅅ,1
6293,입원,명,ㅇㅇ,0
450,입장,명,ㅇㅈ,0
2012,입학,명,ㅇㅎ,0
1680,잎,명,ㅇ,0
8520,자,명,ㅈ,1
1669,자,명,ㅈ,1
5264,자가용,명,ㅈㄱㅇ,0
2204,자격,명,ㅈㄱ,0
6470,자격증,명,ㅈㄱㅈ,0
2936,자극,명,ㅈㄱ,0
126,자기,대,ㅈㄱ,1
427,자기,명,ㅈㄱ,1
1606,자네,대,ㅈㄴ,1
1523,자녀,명,ㅈㄴ,1
2721,자동,명,ㅈㄷ,0
796,자동차,명,ㅈㄷㅊ,1
4303,자랑,명,ㅈㄹ,0
509,자료,명,ㅈㄹ,1
229,자리,명,ㅈㄹ,1
6664,자리,명,ㅈㄹ,1
7890,자매,명,ㅈㅁ,1
5535,자부심,명,ㅈㅂㅅ,0
4828,자살,명,ㅈㅅ,0
630,자세,명,ㅈㅅ,1
504,자식,명,ㅈㅅ,0
72,자신,명,ㅈㅅ,0
2143,자신,명,ㅈㅅ,0
3946,자신감,명,ㅈㅅㄱ,0
348,자연,명,ㅈㅇ,0
9749,자연적,명,ㅈㅇㅈ,0
5962,자연현상,명,ㅈㅇㅎㅅ,0
3293,자연환경,명,ㅈㅇㅎㄱ,0
1457,자원,명,ㅈㅇ,0
757,자유,명,ㅈㅇ,1
3161,자율,명,ㅈㅇ,0
5048,자장면,명,ㅈㅈㅁ,0
1224,자전거,명,ㅈㅈㄱ,1
5049,자정,명,ㅈㅈ,0
3015,자존심,명,ㅈㅈㅅ,0
286,자체,명,ㅈㅊ,1
6876,자취,명,ㅈㅊ,1
2876,자판,명,ㅈㅍ,0
8904,자판기,명,ㅈㅍㄱ,1
565,작가,명,ㅈㄱ,1
1040,작년,명,ㅈㄴ,0
4456,작성,명,ㅈㅅ,0
424,작업,명,ㅈㅇ,0
1081,작용,명,ㅈㅇ,0
52406,작은딸,명,ㅈㅇㄸ,0
19302,작은아들,명,ㅈㅇㅇㄷ,0
12048,작은아버지,명,ㅈㅇㅇㅂㅈ,1
21595,작은어머니,명,ㅈㅇㅇㅁㄴ,1
262,작품,명,ㅈㅍ,0
884,잔,명,ㅈ,0
7107,잔디,명,ㅈㄷ,1
7353,잔디밭,명,ㅈㄷㅂ,0
3710,잔치,명,ㅈㅊ,1
1371,잘못,명,ㅈㅁ,0
640,잠,명,ㅈ,0
2582,잠깐,명,ㅈㄲ,0
6126,잠바,명,ㅈㅂ,1
6127,잠수함,명,ㅈㅅㅎ,0
2144,잠시,명,ㅈㅅ,1
12049,잠옷,명,ㅈㅇ,0
4151,잠자리,명,ㅈㅈㄹ,1
19306,잠자리,명,ㅈㅈㄹ,1
1862,잡지,명,ㅈㅈ,1
2664,장,명,ㅈ,0
6296,장가,명,ㅈㄱ,1
12051,장갑,명,ㅈㄱ,0
556,장관,명,ㅈㄱ,0
1200,장군,명,ㅈㄱ,0
5660,장기간,명,ㅈㄱㄱ,0
5395,장기적,명,ㅈㄱㅈ,0
3772,장난,명,ㅈㄴ,0
6879,장난감,명,ㅈㄴㄱ,0
4152,장남,명,ㅈㄴ,0
2722,장래,명,ㅈㄹ,1
6880,장례,명,ㅈㄹ,1
9751,장례식,명,ㅈㄹㅅ,0
3084,장르,명,ㅈㄹ,1
7605,장마,명,ㅈㅁ,1
1284,장면,명,ㅈㅁ,0
11360,장모,명,ㅈㅁ,1
8906,장모님,명,ㅈㅁㄴ,0
12818,장미,명,ㅈㅁ,1
2842,장비,명,ㅈㅂ,1
2220,장사,명,ㅈㅅ,1
9319,장사꾼,명,ㅈㅅㄲ,0
1325,장소,명,ㅈㅅ,1
6128,장수,명,ㅈㅅ,1
3370,장식,명,ㅈㅅ,0
6671,장애인,명,ㅈㅇㅇ,0
13715,장인,명,ㅈㅇ,0
2779,장점,명,ㅈㅈ,0
6129,장학금,명,ㅈㅎㄱ,0
4100,재능,명,ㅈㄴ,0
750,재료,명,ㅈㄹ,1
1439,재미,명,ㅈㅁ,1
662,재산,명,ㅈㅅ,0
4641,재생,명,ㅈㅅ,0
9755,재수,명,ㅈㅅ,1
9757,재작년,명,ㅈㅈㄴ,0
1873,재정,명,ㅈㅈ,0
5396,재주,명,ㅈㅈ,1
4230,재즈,명,ㅈㅈ,1
9758,재채기,명,ㅈㅊㄱ,1
2030,재판,명,ㅈㅍ,0
7606,재학,명,ㅈㅎ,0
8527,재활용,명,ㅈㅎㅇ,0
6672,재활용품,명,ㅈㅎㅇㅍ,0
56,저,대,ㅈ,1
7608,저,대,ㅈ,1
4015,저거,대,ㅈㄱ,1
4304,저것,대,ㅈㄱ,0
3201,저고리,명,ㅈㄱㄹ,1
52763,저곳,대,ㅈㄱ,0
1692,저기,대,ㅈㄱ,1
634,저녁,명,ㅈㄴ,0
8910,저녁때,명,ㅈㄴㄸ,1
7897,저번,명,ㅈㅂ,0
8914,저울,명,ㅈㅇ,0
5661,저자,명,ㅈㅈ,1
2031,저쪽,대,ㅈㅉ,0
4016,저축,명,ㅈㅊ,0
5540,저편,대,ㅈㅍ,0
1245,저희,대,ㅈㅎ,1
2665,적,명,ㅈ,0
2167,적극,명,ㅈㄱ,0
1279,적극적,명,ㅈㄱㅈ,0
4730,적성,명,ㅈㅅ,0
2877,적용,명,ㅈㅇ,0
6297,적응,명,ㅈㅇ,0
115,전,명,ㅈ,0
2535,전개,명,ㅈㄱ,1
3495,전공,명,ㅈㄱ,0
9762,전구,명,ㅈㄱ,1
709,전국,명,ㅈㄱ,0
4154,전국적,명,ㅈㄱㅈ,0
2878,전기,명,ㅈㄱ,1
7610,전기,명,ㅈㄱ,1
1834,전기,명,ㅈㄱ,1
6884,전기밥솥,명,ㅈㄱㅂㅅ,0
3372,전날,명,ㅈㄴ,0
4459,전달,명,ㅈㄷ,0
5000,전라도,고,ㅈㄹㄷ,1
1500,전망,명,ㅈㅁ,0
1015,전문,명,ㅈㅁ,0
1379,전문가,명,ㅈㅁㄱ,1
5805,전문적,명,ㅈㅁㅈ,0
9765,전문점,명,ㅈㅁㅈ,0
7358,전문직,명,ㅈㅁㅈ,0
4155,전반,명,ㅈㅂ,0
3373,전반적,명,ㅈㅂㅈ,0
3202,전부,명,ㅈㅂ,1
5662,전선,명,ㅈㅅ,0
5399,전설,명,ㅈㅅ,0
7110,전세,명,ㅈㅅ,1
5140,전시,명,ㅈㅅ,1
7900,전시장,명,ㅈㅅㅈ,0
4460,전시회,명,ㅈㅅㅎ,1
3774,전용,명,ㅈㅇ,0
2293,전자,명,ㅈㅈ,1
533,전쟁,명,ㅈㅈ,0
5000,전주,고,ㅈㅈ,1
4643,전철,명,ㅈㅊ,0
329,전체,명,ㅈㅊ,1
2393,전체적,명,ㅈㅊㅈ,0
881,전통,명,ㅈㅌ,0
9767,전통문화,명,ㅈㅌㅁㅎ,1
2455,전통적,명,ㅈㅌㅈ,0
375,전화,명,ㅈㅎ,1
7360,전화기,명,ㅈㅎㄱ,1
3836,전화번호,명,ㅈㅎㅂㅎ,1
2295,전환,명,ㅈㅎ,0
4938,전후,명,ㅈㅎ,1
2510,절,명,ㅈ,0
3327,절,명,ㅈ,0
5401,절,명,ㅈ,0
4233,절대,명,ㅈㄷ,1
3248,절대적,명,ㅈㄷㅈ,0
3656,절망,명,ㅈㅁ,0
2394,절반,명,ㅈㅂ,0
7904,절약,명,ㅈㅇ,0
1430,절차,명,ㅈㅊ,1
1255,젊은이,명,ㅈㅇㅇ,1
5808,젊음,명,ㅈㅇ,0
109,점,명,ㅈ,0
5273,점검,명,ㅈㄱ,0
3602,점수,명,ㅈㅅ,1
2256,점심,명,ㅈㅅ,0
9328,점심때,명,ㅈㅅㄸ,1
6132,점심시간,명,ㅈㅅㅅㄱ,0
8536,점원,명,ㅈㅇ,0
1785,접근,명,ㅈㄱ,0
4234,접시,명,ㅈㅅ,1
2536,접촉,명,ㅈㅊ,0
4550,젓가락,명,ㅈㄱㄹ,0
2269,정,명,ㅈ,0
9769,정거장,명,ㅈㄱㅈ,0
3497,정기,명,ㅈㄱ,1
7616,정기적,명,ㅈㄱㅈ,0
7906,정답,명,ㅈㄷ,0
1422,정당,명,ㅈㄷ,0
86,정도,명,ㅈㄷ,1
5966,정류장,명,ㅈㄹㅈ,0
2323,정리,명,ㅈㄹ,1
3129,정말,명,ㅈㅁ,0
2906,정면,명,ㅈㅁ,0
4305,정문,명,ㅈㅁ,0
6677,정반대,명,ㅈㅂㄷ,1
435,정보,명,ㅈㅂ,1
3886,정보화,명,ㅈㅂㅎ,1
136,정부,명,ㅈㅂ,1
3328,정비,명,ㅈㅂ,1
4939,정상,명,ㅈㅅ,0
1931,정상,명,ㅈㅅ,0
4940,정상적,명,ㅈㅅㅈ,0
3087,정성,명,ㅈㅅ,0
2609,정식,명,ㅈㅅ,0
319,정신,명,ㅈㅅ,0
5547,정신과,명,ㅈㅅㄱ,1
2270,정신적,명,ㅈㅅㅈ,0
7907,정오,명,ㅈㅇ,1
5276,정원,명,ㅈㅇ,0
8205,정장,명,ㅈㅈ,0
5666,정지,명,ㅈㅈ,1
234,정치,명,ㅈㅊ,1
2560,정치권,명,ㅈㅊㄱ,0
2843,정치인,명,ㅈㅊㅇ,0
2844,정치적,명,ㅈㅊㅈ,0
4463,정치학,명,ㅈㅊㅎ,0
5403,젖,명,ㅈ,0
4236,제공,명,ㅈㄱ,0
36191,제과점,명,ㅈㄱㅈ,0
5549,제도적,명,ㅈㄷㅈ,0
1524,제목,명,ㅈㅁ,0
4017,제비,명,ㅈㅂ,1
1932,제사,명,ㅈㅅ,1
8539,제삿날,명,ㅈㅅㄴ,0
4833,제시,명,ㅈㅅ,1
4018,제안,명,ㅈㅇ,0
3088,제약,명,ㅈㅇ,0
3498,제의,명,ㅈㅇ,1
733,제일,명,ㅈㅇ,0
2032,제자,명,ㅈㅈ,1
4160,제자리,명,ㅈㅈㄹ,1
2221,제작,명,ㅈㅈ,0
5000,제주도,고,ㅈㅈㄷ,1
7366,제출,명,ㅈㅊ,0
516,제품,명,ㅈㅍ,0
2222,제한,명,ㅈㅎ,0
6680,조,명,ㅈ,1
3049,조각,명,ㅈㄱ,0
2907,조각,명,ㅈㄱ,0
5812,조개,명,ㅈㄱ,1
468,조건,명,ㅈㄱ,0
663,조금,명,ㅈㄱ,0
5277,조기,명,ㅈㄱ,1
7116,조깅,명,ㅈㄱ,0
5668,조명,명,ㅈㅁ,0
1736,조미료,명,ㅈㅁㄹ,1
336,조사,명,ㅈㅅ,1
1583,조상,명,ㅈㅅ,0
5000,조선,고,ㅈㅅ,0
5551,조절,명,ㅈㅈ,0
3838,조정,명,ㅈㅈ,0
683,조직,명,ㅈㅈ,0
4835,조카,명,ㅈㅋ,1
9778,존댓말,명,ㅈㄷㅁ,0
510,존재,명,ㅈㅈ,1
2845,졸업,명,ㅈㅇ,0
6307,졸업생,명,ㅈㅇㅅ,0
10243,졸음,명,ㅈㅇ,0
1810,종,명,ㅈ,0
5279,종,명,ㅈ,0
921,종교,명,ㅈㄱ,1
7619,종교적,명,ㅈㄱㅈ,0
5000,종로,고,ㅈㄹ,1
973,종류,명,ㅈㄹ,1
5281,종소리,명,ㅈㅅㄹ,1
2512,종업원,명,ㅈㅇㅇ,0
1423,종이,명,ㅈㅇ,1
10245,종이컵,명,ㅈㅇㅋ,0
3499,종일,명,ㅈㅇ,0
1266,종합,명,ㅈㅎ,0
4464,좌석,명,ㅈㅅ,0
2748,좌우,명,ㅈㅇ,1
1799,죄,명,ㅈ,1
3948,죄인,명,ㅈㅇ,0
2183,주,명,ㅈ,1
5552,주거,명,ㅈㄱ,1
7620,주관적,명,ㅈㄱㅈ,0
5973,주름,명,ㅈㄹ,0
8546,주름살,명,ㅈㄹㅅ,0
1933,주말,명,ㅈㅁ,0
2348,주머니,명,ㅈㅁㄴ,1
2699,주먹,명,ㅈㅁ,0
10247,주문,명,ㅈㅁ,0
4467,주문,명,ㅈㅁ,0
507,주민,명,ㅈㅁ,0
3660,주방,명,ㅈㅂ,0
654,주변,명,ㅈㅂ,0
1765,주부,명,ㅈㅂ,1
5409,주사,명,ㅈㅅ,1
4836,주소,명,ㅈㅅ,1
5553,주스,명,ㅈㅅ,1
1835,주식,명,ㅈㅅ,0
1058,주요,명,ㅈㅇ,1
743,주위,명,ㅈㅇ,1
3330,주의,명,ㅈㅇ,1
825,주인,명,ㅈㅇ,0
1310,주인공,명,ㅈㅇㄱ,0
729,주장,명,ㅈㅈ,0
9783,주전자,명,ㅈㅈㅈ,1
836,주제,명,ㅈㅈ,1
14862,주차,명,ㅈㅊ,1
5143,주차장,명,ㅈㅊㅈ,0
1478,주택,명,ㅈㅌ,0
5144,주한,명,ㅈㅎ,0
4381,죽,명,ㅈ,0
985,죽음,명,ㅈㅇ,0
1074,준비,명,ㅈㅂ,1
3950,준비물,명,ㅈㅂㅁ,0
1205,줄,명,ㅈ,0
5673,줄거리,명,ㅈㄱㄹ,1
2325,줄기,명,ㅈㄱ,1
8219,줄무늬,명,ㅈㅁㄴ,1
1681,중간,명,ㅈㄱ,0
5819,중계방송,명,ㅈㄱㅂㅅ,0
5000,중국,고,ㅈㄱ,0
19454,중국어,명,ㅈㄱㅇ,1
11408,중국집,명,ㅈㄱㅈ,0
5145,중년,명,ㅈㄴ,0
5674,중단,명,ㅈㄷ,0
5820,중독,명,ㅈㄷ,0
2879,중반,명,ㅈㅂ,0
3051,중부,명,ㅈㅂ,1
1823,중세,명,ㅈㅅ,1
2048,중소기업,명,ㅈㅅㄱㅇ,0
5283,중순,명,ㅈㅅ,0
36464,중식,명,ㅈㅅ,0
308,중심,명,ㅈㅅ,0
4556,중심지,명,ㅈㅅㅈ,1
872,중앙,명,ㅈㅇ,0
5974,중요,명,ㅈㅇ,1
2725,중요성,명,ㅈㅇㅅ,0
1996,중학교,명,ㅈㅎㄱ,1
5053,중학생,명,ㅈㅎㅅ,0
3250,쥐,명,ㅈ,1
7918,즉석,명,ㅈㅅ,0
2611,즉시,명,ㅈㅅ,1
3203,즐거움,명,ㅈㄱㅇ,0
2513,증가,명,ㅈㄱ,1
2146,증거,명,ㅈㄱ,1
2014,증권,명,ㅈㄱ,0
3017,증권사,명,ㅈㄱㅅ,1
2271,증상,명,ㅈㅅ,0
4021,증세,명,ㅈㅅ,1
5284,지각,명,ㅈㄱ,0
3888,지갑,명,ㅈㄱ,0
2811,지구,명,ㅈㄱ,1
773,지구,명,ㅈㄱ,1
176,지금,명,ㅈㄱ,0
5821,지급,명,ㅈㄱ,0
4022,지난날,명,ㅈㄴㄴ,0
1643,지난달,명,ㅈㄴㄷ,0
3331,지난번,명,ㅈㄴㅂ,0
7371,지난주,명,ㅈㄴㅈ,1
523,지난해,명,ㅈㄴㅎ,1
10254,지능,명,ㅈㄴ,0
1888,지대,명,ㅈㄷ,1
1901,지도,명,ㅈㄷ,1
2372,지도,명,ㅈㄷ,1
1682,지도자,명,ㅈㄷㅈ,1
6896,지름길,명,ㅈㄹㄱ,0
5000,지리산,고,ㅈㄹㅅ,0
275,지방,명,ㅈㅂ,0
7920,지방,명,ㅈㅂ,0
2478,지붕,명,ㅈㅂ,0
2586,지속적,명,ㅈㅅㅈ,0
2103,지시,명,ㅈㅅ,1
822,지식,명,ㅈㅅ,0
2373,지식인,명,ㅈㅅㅇ,0
162,지역,명,ㅈㅇ,0
11421,지우개,명,ㅈㅇㄱ,1
1032,지원,명,ㅈㅇ,0
1902,지위,명,ㅈㅇ,1
6138,지적,명,ㅈㅈ,0
1621,지적,명,ㅈㅈ,0
5557,지점,명,ㅈㅈ,0
3298,지점,명,ㅈㅈ,0
2700,지지,명,ㅈㅈ,1
6897,지진,명,ㅈㅈ,0
3131,지출,명,ㅈㅊ,0
8943,지폐,명,ㅈㅍ,1
1745,지하,명,ㅈㅎ,1
11424,지하도,명,ㅈㅎㄷ,1
1755,지하철,명,ㅈㅎㅊ,0
1934,지혜,명,ㅈㅎ,1
5285,직선,명,ㅈㅅ,0
1578,직업,명,ㅈㅇ,0
1187,직원,명,ㅈㅇ,0
1052,직장,명,ㅈㅈ,0
7629,직장인,명,ㅈㅈㅇ,0
2978,직전,명,ㅈㅈ,0
2942,직접,명,ㅈㅈ,0
2049,직접적,명,ㅈㅈㅈ,0
2015,직후,명,ㅈㅎ,1
4024,진급,명,ㅈㄱ,0
3205,진단,명,ㅈㄷ,0
7378,진달래,명,ㅈㄷㄹ,1
6689,진동,명,ㅈㄷ,0
6139,진로,명,ㅈㄹ,1
6489,진료,명,ㅈㄹ,1
1766,진리,명,ㅈㄹ,1
2050,진실,명,ㅈㅅ,0
7630,진심,명,ㅈㅅ,0
2480,진짜,명,ㅈㅉ,1
16173,진찰,명,ㅈㅊ,0
2782,진출,명,ㅈㅊ,0
8226,진통,명,ㅈㅌ,0
2297,진행,명,ㅈㅎ,0
6140,진행자,명,ㅈㅎㅈ,1
2667,질,명,ㅈ,0
1144,질문,명,ㅈㅁ,0
3206,질병,명,ㅈㅂ,0
607,질서,명,ㅈㅅ,1
4942,질적,명,ㅈㅈ,0
2538,짐,명,ㅈ,0
5414,짐작,명,ㅈㅈ,0
49,집,명,ㅈ,0
552,집단,명,ㅈㄷ,0
4736,집단적,명,ㅈㄷㅈ,0
1213,집안,명,ㅈㅇ,0
4468,집안일,명,ㅈㅇㅇ,0
2243,집중,명,ㅈㅈ,0
4560,집중적,명,ㅈㅈㅈ,0
1525,짓,명,ㅈ,0
3663,짜증,명,ㅉㅈ,0
1622,짝,명,ㅉ,0
6142,쪽,명,ㅉ,0
6693,찌개,명,ㅉㄱ,1
5148,찌꺼기,명,ㅉㄲㄱ,1
417,차,명,ㅊ,1
3133,차,명,ㅊ,1
3052,차,명,ㅊ,1
7386,차남,명,ㅊㄴ,0
2016,차량,명,ㅊㄹ,0
658,차례,명,ㅊㄹ,1
3502,차림,명,ㅊㄹ,0
2588,차별,명,ㅊㅂ,0
5679,차선,명,ㅊㅅ,0
557,차이,명,ㅊㅇ,1
4738,차이점,명,ㅊㅇㅈ,0
5823,차창,명,ㅊㅊ,0
4311,착각,명,ㅊㄱ,0
4740,찬물,명,ㅊㅁ,0
9800,찬성,명,ㅊㅅ,0
4240,참가,명,ㅊㄱ,1
2813,참기름,명,ㅊㄱㄹ,0
1935,참새,명,ㅊㅅ,1
8231,참석,명,ㅊㅅ,0
6901,참석자,명,ㅊㅅㅈ,1
1645,참여,명,ㅊㅇ,1
5288,참외,명,ㅊㅇ,1
4384,참조,명,ㅊㅈ,1
8562,찻잔,명,ㅊㅈ,0
4312,창,명,ㅊ,0
6495,창가,명,ㅊㄱ,1
3439,창고,명,ㅊㄱ,1
6902,창구,명,ㅊㄱ,1
2033,창문,명,ㅊㅁ,0
2483,창밖,명,ㅊㅂ,0
3891,창작,명,ㅊㅈ,0
2783,창조,명,ㅊㅈ,1
3164,창조적,명,ㅊㅈㅈ,0
5417,채널,명,ㅊㄴ,0
3053,채소,명,ㅊㅅ,1
7387,채점,명,ㅊㅈ,0
215,책,명,ㅊ,0
7640,책가방,명,ㅊㄱㅂ,0
10808,책방,명,ㅊㅂ,0
1653,책상,명,ㅊㅅ,0
758,책임,명,ㅊㅇ,0
6144,책임감,명,ㅊㅇㄱ,0
2669,책임자,명,ㅊㅇㅈ,1
5978,챔피언,명,ㅊㅍㅇ,0
2561,처녀,명,ㅊㄴ,1
1174,처리,명,ㅊㄹ,1
2847,처벌,명,ㅊㅂ,0
184,처음,명,ㅊㅇ,0
2119,처지,명,ㅊㅈ,1
3952,천,명,ㅊ,0
24937,천,수,ㅊ,0
7643,천국,명,ㅊㄱ,0
12913,천둥,명,ㅊㄷ,0
3166,천장,명,ㅊㅈ,0
9364,천재,명,ㅊㅈ,1
4945,철,명,ㅊ,0
10273,철,명,ㅊ,0
4841,철,명,ㅊ,0
4741,철도,명,ㅊㄷ,1
1584,철학,명,ㅊㅎ,0
4653,철학자,명,ㅊㅎㅈ,1
8568,철학적,명,ㅊㅎㅈ,0
3664,첫날,명,ㅊㄴ,0
1728,첫째,수,ㅊㅉ,1
2259,청년,명,ㅊㄴ,0
10274,청바지,명,ㅊㅂㅈ,1
2484,청소,명,ㅊㅅ,1
19549,청소기,명,ㅊㅅㄱ,1
1108,청소년,명,ㅊㅅㄴ,0
3442,청춘,명,ㅊㅊ,0
4469,체계적,명,ㅊㄱㅈ,0
3208,체력,명,ㅊㄹ,0
6146,체온,명,ㅊㅇ,0
1396,체육,명,ㅊㅇ,0
14922,체육관,명,ㅊㅇㄱ,0
1981,체조,명,ㅊㅈ,1
4241,체중,명,ㅊㅈ,0
1350,체험,명,ㅊㅎ,0
1017,초기,명,ㅊㄱ,1
8572,초대,명,ㅊㄷ,1
7129,초대,명,ㅊㄷ,1
9369,초등학교,명,ㅊㄷㅎㄱ,1
55056,초등학생,명,ㅊㄷㅎㅅ,0
16217,초록색,명,ㅊㄹㅅ,0
3443,초반,명,ㅊㅂ,0
6147,초밥,명,ㅊㅂ,0
9370,초보,명,ㅊㅂ,1
9811,초보자,명,ㅊㅂㅈ,1
5684,초상화,명,ㅊㅅㅎ,1
12141,초순,명,ㅊㅅ,0
9371,초여름,명,ㅊㅇㄹ,0
3019,초원,명,ㅊㅇ,0
9372,초저녁,명,ㅊㅈㄴ,0
2147,초점,명,ㅊㅈ,0
4563,초청,명,ㅊㅊ,0
9812,초청장,명,ㅊㅊㅈ,0
8235,초콜릿,명,ㅊㅋㄹ,0
8952,촛불,명,ㅊㅂ,0
5294,총,명,ㅊ,0
4742,총각,명,ㅊㄱ,0
2946,총리,명,ㅊㄹ,1
1801,총장,명,ㅊㅈ,0
2120,촬영,명,ㅊㅇ,0
587,최고,명,ㅊㄱ,1
8238,최고급,명,ㅊㄱㄱ,0
278,최근,명,ㅊㄱ,0
1468,최대,명,ㅊㄷ,1
3251,최대한,명,ㅊㄷㅎ,0
8239,최상,명,ㅊㅅ,0
2612,최선,명,ㅊㅅ,0
14932,최소,명,ㅊㅅ,1
2168,최소한,명,ㅊㅅㅎ,0
5981,최신,명,ㅊㅅ,0
8240,최악,명,ㅊㅇ,0
6907,최저,명,ㅊㅈ,1
3020,최종,명,ㅊㅈ,0
1175,최초,명,ㅊㅊ,1
5061,최후,명,ㅊㅎ,1
3091,추가,명,ㅊㄱ,1
4242,추석,명,ㅊㅅ,0
2752,추억,명,ㅊㅇ,0
3504,추위,명,ㅊㅇ,1
2224,추진,명,ㅊㅈ,0
6707,추천,명,ㅊㅊ,0
7930,추측,명,ㅊㅊ,0
1317,축구,명,ㅊㄱ,1
16227,축구공,명,ㅊㄱㄱ,0
21959,축구장,명,ㅊㄱㅈ,0
3892,축소,명,ㅊㅅ,1
2562,축제,명,ㅊㅈ,1
5982,축하,명,ㅊㅎ,1
6149,출구,명,ㅊㄱ,1
8242,출국,명,ㅊㄱ,0
4470,출근,명,ㅊㄱ,0
2881,출발,명,ㅊㅂ,0
5827,출발점,명,ㅊㅂㅈ,0
2017,출산,명,ㅊㅅ,0
1091,출신,명,ㅊㅅ,0
2514,출연,명,ㅊㅇ,0
3955,출입,명,ㅊㅇ,0
17710,출입국,명,ㅊㅇㄱ,0
6150,출입문,명,ㅊㅇㅁ,0
5686,출장,명,ㅊㅈ,0
8956,출퇴근,명,ㅊㅌㄱ,0
5828,출판,명,ㅊㅍ,0
4564,출판사,명,ㅊㅍㅅ,1
1458,춤,명,ㅊ,0
1595,충격,명,ㅊㄱ,0
4947,충격적,명,ㅊㄱㅈ,0
7933,충고,명,ㅊㄱ,1
4243,충돌,명,ㅊㄷ,0
5000,충청도,고,ㅊㅊㄷ,1
2671,취미,명,ㅊㅁ,1
5983,취소,명,ㅊㅅ,1
5422,취업,명,ㅊㅇ,0
5062,취재,명,ㅊㅈ,1
4844,취직,명,ㅊㅈ,0
3893,취향,명,ㅊㅎ,0
922,층,명,ㅊ,0
8960,치과,명,ㅊㄱ,1
1542,치료,명,ㅊㄹ,1
10286,치료법,명,ㅊㄹㅂ,0
2457,치마,명,ㅊㅁ,1
4948,치아,명,ㅊㅇ,1
7649,치약,명,ㅊㅇ,0
2035,치즈,명,ㅊㅈ,1
147,친구,명,ㅊㄱ,1
6318,친절,명,ㅊㅈ,0
4313,친정,명,ㅊㅈ,0
2458,친척,명,ㅊㅊ,0
14947,칠,수,ㅊ,0
19607,칠십,수,ㅊㅅ,0
1404,칠월,명,ㅊㅇ,0
10833,칠판,명,ㅊㅍ,0
3056,침,명,ㅊ,0
1670,침대,명,ㅊㄷ,1
2486,침묵,명,ㅊㅁ,0
6319,침실,명,ㅊㅅ,0
8589,칫솔,명,ㅊㅅ,0
2947,칭찬,명,ㅊㅊ,0
2184,카드,명,ㅋㄷ,1
9816,카레,명,ㅋㄹ,1
2298,카메라,명,ㅋㅁㄹ,1
3895,카운터,명,ㅋㅇㅌ,1
2848,카페,명,ㅋㅍ,1
3719,칸,명,ㅋ,0
2273,칼,명,ㅋ,0
14950,칼국수,명,ㅋㄱㅅ,1
5000,캐나다,고,ㅋㄴㄷ,1
5985,캐릭터,명,ㅋㄹㅌ,1
7134,캠퍼스,명,ㅋㅍㅅ,1
4747,캠페인,명,ㅋㅍㅇ,0
5987,커튼,명,ㅋㅌ,0
383,커피,명,ㅋㅍ,1
9817,컨디션,명,ㅋㄷㅅ,0
4658,컬러,명,ㅋㄹ,1
282,컴퓨터,명,ㅋㅍㅌ,1
1414,컵,명,ㅋ,0
37160,케첩,명,ㅋㅊ,0
1335,코,명,ㅋ,1
8248,코끝,명,ㅋㄲ,0
10292,코끼리,명,ㅋㄲㄹ,1
2428,코너,명,ㅋㄴ,1
2244,코드,명,ㅋㄷ,1
6915,코미디,명,ㅋㅁㄷ,1
3300,코스,명,ㅋㅅ,1
9819,코스모스,명,ㅋㅅㅁㅅ,1
5296,코치,명,ㅋㅊ,1
9380,코트,명,ㅋㅌ,1
7939,코피,명,ㅋㅍ,1
10293,콘서트,명,ㅋㅅㅌ,1
5567,콜라,명,ㅋㄹ,1
2849,콤플렉스,명,ㅋㅍㄹㅅ,1
2226,콩,명,ㅋ,0
4027,콩나물,명,ㅋㄴㅁ,0
3956,쾌감,명,ㅋㄱ,0
5687,쿠데타,명,ㅋㄷㅌ,1
1054,크기,명,ㅋㄱ,1
10839,크리스마스,명,ㅋㄹㅅㅁㅅ,1
4471,크림,명,ㅋㄹ,0
8591,큰길,명,ㅋㄱ,0
16252,큰딸,명,ㅋㄸ,0
10294,큰소리,명,ㅋㅅㄹ,1
10295,큰아들,명,ㅋㅇㄷ,0
14960,큰아버지,명,ㅋㅇㅂㅈ,1
29578,큰어머니,명,ㅋㅇㅁㄴ,1
2245,큰일,명,ㅋㅇ,0
7651,큰절,명,ㅋㅈ,0
17752,클래식,명,ㅋㄹㅅ,0
5830,클럽,명,ㅋㄹ,0
1124,키,명,ㅋ,1
5831,키스,명,ㅋㅅ,1
4846,타락,명,ㅌㄹ,0
4315,타입,명,ㅌㅇ,0
7401,타자기,명,ㅌㅈㄱ,1
10840,탁구,명,ㅌㄱ,1
4566,탁자,명,ㅌㅈ,1
3957,탄생,명,ㅌㅅ,0
2613,탑,명,ㅌ,0
1226,탓,명,ㅌ,0
6321,태권도,명,ㅌㄱㄷ,1
741,태도,명,ㅌㄷ,1
2069,태아,명,ㅌㅇ,1
1767,태양,명,ㅌㅇ,0
4748,태풍,명,ㅌㅍ,0
1824,택시,명,ㅌㅅ,1
2727,탤런트,명,ㅌㄹㅌ,1
2982,터,명,ㅌ,1
7136,터널,명,ㅌㄴ,0
8250,터미널,명,ㅌㅁㄴ,0
3252,턱,명,ㅌ,0
3057,털,명,ㅌ,0
5157,테니스,명,ㅌㄴㅅ,1
5064,테러,명,ㅌㄹ,1
8964,테스트,명,ㅌㅅㅌ,1
2639,테이블,명,ㅌㅇㅂ,0
3093,테이프,명,ㅌㅇㅍ,1
2487,텍스트,명,ㅌㅅㅌ,1
940,텔레비전,명,ㅌㄹㅂㅈ,0
4567,토끼,명,ㅌㄲ,1
1967,토대,명,ㅌㄷ,1
1912,토론,명,ㅌㄹ,0
9825,토론자,명,ㅌㄹㅈ,1
5065,토론회,명,ㅌㄹㅎ,1
3505,토마토,명,ㅌㅁㅌ,1
2327,토요일,명,ㅌㅇㅇ,0
2814,통,명,ㅌ,0
3334,통계,명,ㅌㄱ,1
6152,통과,명,ㅌㄱ,1
4244,통로,명,ㅌㄹ,1
904,통신,명,ㅌㅅ,0
8967,통역,명,ㅌㅇ,0
645,통일,명,ㅌㅇ,0
3611,통장,명,ㅌㅈ,0
2205,통제,명,ㅌㅈ,1
2299,통증,명,ㅌㅈ,0
1825,통합,명,ㅌㅎ,0
4847,통화,명,ㅌㅎ,1
4659,통화,명,ㅌㅎ,1
5690,퇴근,명,ㅌㄱ,0
12961,퇴원,명,ㅌㅇ,0
7139,퇴직금,명,ㅌㅈㄱ,0
1030,투자,명,ㅌㅈ,1
3553,투표,명,ㅌㅍ,1
11478,튀김,명,ㅌㄱ,0
3446,트럭,명,ㅌㄹ,0
10311,특급,명,ㅌㄱ,0
1145,특별,명,ㅌㅂ,0
1102,특성,명,ㅌㅅ,0
2815,특수,명,ㅌㅅ,1
5691,특수성,명,ㅌㅅㅅ,0
829,특징,명,ㅌㅈ,0
1405,틀,명,ㅌ,0
1955,틈,명,ㅌ,0
971,티브이,명,ㅌㅂㅇ,1
9830,티셔츠,명,ㅌㅅㅊ,1
664,팀,명,ㅌ,0
3447,파,명,ㅍ,1
1998,파도,명,ㅍㄷ,1
12965,파란색,명,ㅍㄹㅅ,0
5000,파리,고,ㅍㄹ,1
5158,파리,명,ㅍㄹ,1
3335,파일,명,ㅍㅇ,0
4107,파출소,명,ㅍㅊㅅ,1
4849,파티,명,ㅍㅌ,1
4950,판,명,ㅍ,0
4108,판,명,ㅍ,0
5426,판,명,ㅍ,0
1526,판결,명,ㅍㄱ,0
1146,판단,명,ㅍㄷ,0
1280,판매,명,ㅍㅁ,1
5836,판사,명,ㅍㅅ,1
957,팔,명,ㅍ,0
16291,팔,수,ㅍ,0
29719,팔십,수,ㅍㅅ,0
1527,팔월,명,ㅍㅇ,0
17797,팝송,명,ㅍㅅ,0
5301,패션,명,ㅍㅅ,0
4317,팩,명,ㅍ,0
17800,팩스,명,ㅍㅅ,1
7946,팩시밀리,명,ㅍㅅㅁㄹ,1
5992,팬,명,ㅍ,0
2816,팬,명,ㅍ,0
7407,팬티,명,ㅍㅌ,1
9838,페인트,명,ㅍㅇㅌ,1
5570,편견,명,ㅍㄱ,0
4951,편의,명,ㅍㅇ,1
37520,편의점,명,ㅍㅇㅈ,0
952,편지,명,ㅍㅈ,1
5427,평,명,ㅍ,0
893,평가,명,ㅍㄱ,1
1406,평균,명,ㅍㄱ,0
9842,평상시,명,ㅍㅅㅅ,1
2185,평생,명,ㅍㅅ,0
1469,평소,명,ㅍㅅ,1
5000,평양,고,ㅍㅇ,0
10314,평일,명,ㅍㅇ,0
1373,평화,명,ㅍㅎ,1
4952,폐지,명,ㅍㅈ,1
8603,포도,명,ㅍㄷ,1
4170,포도주,명,ㅍㄷㅈ,1
5159,포스터,명,ㅍㅅㅌ,1
7410,포인트,명,ㅍㅇㅌ,1
4246,포장,명,ㅍㅈ,0
6155,포장마차,명,ㅍㅈㅁㅊ,1
7411,포크,명,ㅍㅋ,1
5160,포함,명,ㅍㅎ,0
1543,폭,명,ㅍ,0
1425,폭력,명,ㅍㄹ,0
2672,표,명,ㅍ,1
2090,표,명,ㅍ,1
2488,표면,명,ㅍㅁ,0
5429,표시,명,ㅍㅅ,1
5430,표시,명,ㅍㅅ,1
396,표정,명,ㅍㅈ,0
4029,표준,명,ㅍㅈ,0
524,표현,명,ㅍㅎ,0
6157,풀,명,ㅍ,0
2539,풀,명,ㅍ,0
3095,품,명,ㅍ,0
2673,품목,명,ㅍㅁ,0
2729,품질,명,ㅍㅈ,0
2398,풍경,명,ㅍㄱ,0
4571,풍속,명,ㅍㅅ,0
3380,풍습,명,ㅍㅅ,0
5000,프랑스,고,ㅍㄹㅅ,1
1769,프로,명,ㅍㄹ,1
2786,프로,명,ㅍㄹ,1
356,프로그램,명,ㅍㄹㄱㄹ,0
5302,프린터,명,ㅍㄹㅌ,1
5572,플라스틱,명,ㅍㄹㅅㅌ,0
1811,피,명,ㅍ,1
9395,피곤,명,ㅍㄱ,0
5303,피디,명,ㅍㄷ,1
3135,피로,명,ㅍㄹ,1
6158,피망,명,ㅍㅁ,0
1194,피부,명,ㅍㅂ,1
2984,피시,명,ㅍㅅ,1
4572,피아노,명,ㅍㅇㄴ,1
8264,피자,명,ㅍㅈ,1
1049,피해,명,ㅍㅎ,1
3337,피해자,명,ㅍㅎㅈ,1
6159,필름,명,ㅍㄹ,0
6926,필수,명,ㅍㅅ,1
3338,필수적,명,ㅍㅅㅈ,0
4662,필연적,명,ㅍㅇㅈ,0
342,필요,명,ㅍㅇ,1
2091,필요성,명,ㅍㅇㅅ,0
2051,필자,명,ㅍㅈ,1
19748,필통,명,ㅍㅌ,0
4573,핑계,명,ㅍㄱ,1
8982,하,명,ㅎ,1
119,하나,수,ㅎㄴ,1
242,하나,명,ㅎㄴ,1
8605,하나님,명,ㅎㄴㄴ,0
6335,하나하나,명,ㅎㄴㅎㄴ,1
3555,하느님,명,ㅎㄴㄴ,0
344,하늘,명,ㅎㄴ,0
3509,하드웨어,명,ㅎㄷㅇㅇ,1
361,하루,명,ㅎㄹ,1
4663,하룻밤,명,ㅎㄹㅂ,0
5431,하반기,명,ㅎㅂㄱ,1
3898,하숙집,명,ㅎㅅㅈ,0
12197,하순,명,ㅎㅅ,0
57151,하얀색,명,ㅎㅇㅅ,0
2301,하천,명,ㅎㅊ,0
6928,하품,명,ㅎㅍ,0
7663,학과,명,ㅎㄱ,1
125,학교,명,ㅎㄱ,1
9853,학교생활,명,ㅎㄱㅅㅎ,0
3899,학급,명,ㅎㄱ,0
2515,학기,명,ㅎㄱ,1
512,학년,명,ㅎㄴ,0
8610,학력,명,ㅎㄹ,0
3450,학번,명,ㅎㅂ,0
3301,학부모,명,ㅎㅂㅁ,1
9398,학비,명,ㅎㅂ,1
238,학생,명,ㅎㅅ,0
19755,학생증,명,ㅎㅅㅈ,0
4172,학술,명,ㅎㅅ,0
2564,학습,명,ㅎㅅ,0
3339,학용품,명,ㅎㅇㅍ,0
3451,학원,명,ㅎㅇ,0
5305,학위,명,ㅎㅇ,1
1875,학자,명,ㅎㅈ,1
6720,학점,명,ㅎㅈ,0
3720,한,명,ㅎ,0
1050,한,명,ㅎ,0
3381,한가운데,명,ㅎㄱㅇㄷ,1
5000,한강,고,ㅎㄱ,0
10329,한겨울,명,ㅎㄱㅇ,0
1003,한계,명,ㅎㄱ,1
5432,한구석,명,ㅎㄱㅅ,0
5000,한국,고,ㅎㄱ,0
6930,한국말,명,ㅎㄱㅁ,0
2642,한국어,명,ㅎㄱㅇ,1
8267,한국적,명,ㅎㄱㅈ,0
1267,한글,명,ㅎㄱ,0
22156,한글날,명,ㅎㄱㄴ,0
7956,한낮,명,ㅎㄴ,0
4750,한눈,명,ㅎㄴ,0
2516,한동안,명,ㅎㄷㅇ,0
9855,한둘,수,ㅎㄷ,0
1713,한때,명,ㅎㄸ,1
5000,한라산,고,ㅎㄹㅅ,0
804,한마디,명,ㅎㅁㄷ,1
4110,한문,명,ㅎㅁ,0
5000,한반도,고,ㅎㅂㄷ,1
7417,한밤중,명,ㅎㅂㅈ,0
382,한번,명,ㅎㅂ,0
2614,한복,명,ㅎㅂ,0
4479,한순간,명,ㅎㅅㄱ,0
2227,한숨,명,ㅎㅅ,0
22159,한식,명,ㅎㅅ,0
6163,한여름,명,ㅎㅇㄹ,0
2643,한자,명,ㅎㅈ,1
5067,한잔,명,ㅎㅈ,0
1511,한쪽,명,ㅎㅉ,0
1612,한참,명,ㅎㅊ,0
948,한편,명,ㅎㅍ,0
10331,한평생,명,ㅎㅍㅅ,0
536,할머니,명,ㅎㅁㄴ,1
682,할아버지,명,ㅎㅇㅂㅈ,1
7958,할인,명,ㅎㅇ,0
6725,합격,명,ㅎㄱ,0
3302,합리적,명,ㅎㄹㅈ,0
6165,항공,명,ㅎㄱ,0
5694,항공기,명,ㅎㄱㄱ,1
4030,항구,명,ㅎㄱ,1
3059,항의,명,ㅎㅇ,1
755,해,명,ㅎ,1
9407,해,명,ㅎ,1
1968,해결,명,ㅎㄱ,0
3900,해군,명,ㅎㄱ,0
5435,해답,명,ㅎㄷ,0
3060,해당,명,ㅎㄷ,0
9859,해물,명,ㅎㅁ,0
3097,해석,명,ㅎㅅ,0
2911,해석,명,ㅎㅅ,0
4955,해설,명,ㅎㅅ,0
4247,해소,명,ㅎㅅ,1
10333,해수욕장,명,ㅎㅅㅇㅈ,0
3616,해안,명,ㅎㅇ,0
1387,해외,명,ㅎㅇ,1
9409,해외여행,명,ㅎㅇㅇㅎ,0
1914,핵,명,ㅎ,0
1802,핵심,명,ㅎㅅ,0
6339,핸드백,명,ㅎㄷㅂ,0
10334,핸드폰,명,ㅎㄷㅍ,0
8275,햄,명,ㅎ,0
6340,햄버거,명,ㅎㅂㄱ,1
4751,햇볕,명,ㅎㅂ,0
2949,햇빛,명,ㅎㅂ,0
2489,햇살,명,ㅎㅅ,0
445,행동,명,ㅎㄷ,0
1969,행복,명,ㅎㅂ,0
1138,행사,명,ㅎㅅ,1
4392,행사,명,ㅎㅅ,1
4575,행운,명,ㅎㅇ,0
521,행위,명,ㅎㅇ,1
3136,향,명,ㅎ,0
2755,향기,명,ㅎㄱ,1
3171,향상,명,ㅎㅅ,0
4393,향수,명,ㅎㅅ,1
3452,허가,명,ㅎㄱ,1
5839,허락,명,ㅎㄹ,0
1082,허리,명,ㅎㄹ,1
4032,허용,명,ㅎㅇ,0
4033,헬기,명,ㅎㄱ,1
2260,혀,명,ㅎ,1
4249,현관,명,ㅎㄱ,0
5998,현관문,명,ㅎㄱㅁ,0
2302,현금,명,ㅎㄱ,0
553,현대,명,ㅎㄷ,1
4250,현대인,명,ㅎㄷㅇ,0
10903,현대적,명,ㅎㄷㅈ,0
325,현상,명,ㅎㅅ,0
280,현실,명,ㅎㅅ,0
1984,현실적,명,ㅎㅅㅈ,0
789,현장,명,ㅎㅈ,0
823,현재,명,ㅎㅈ,1
2756,현지,명,ㅎㅈ,1
4173,혈액,명,ㅎㅇ,0
2052,협력,명,ㅎㄹ,0
702,형,명,ㅎ,0
9871,형,명,ㅎ,0
1318,형님,명,ㅎㄴ,0
3257,형부,명,ㅎㅂ,1
2430,형사,명,ㅎㅅ,1
1281,형성,명,ㅎㅅ,0
19808,형수,명,ㅎㅅ,1
832,형식,명,ㅎㅅ,0
5163,형식적,명,ㅎㅅㅈ,0
2107,형제,명,ㅎㅈ,1
421,형태,명,ㅎㅌ,1
2123,형편,명,ㅎㅍ,0
4251,혜택,명,ㅎㅌ,0
2818,호기심,명,ㅎㄱㅅ,0
5164,호남,명,ㅎㄴ,0
2150,호랑이,명,ㅎㄹㅇ,1
3617,호박,명,ㅎㅂ,0
4252,호수,명,ㅎㅅ,1
10343,호실,명,ㅎㅅ,0
5000,호주,고,ㅎㅈ,1
5069,호주머니,명,ㅎㅈㅁㄴ,1
2460,호텔,명,ㅎㅌ,0
2376,호흡,명,ㅎㅎ,0
367,혼자,명,ㅎㅈ,1
8997,혼잣말,명,ㅎㅈㅁ,0
8626,홈페이지,명,ㅎㅍㅇㅈ,1
2787,홍보,명,ㅎㅂ,1
4753,홍수,명,ㅎㅅ,1
15078,홍차,명,ㅎㅊ,1
1714,화,명,ㅎ,1
3172,화가,명,ㅎㄱ,1
1758,화면,명,ㅎㅁ,0
3340,화분,명,ㅎㅂ,0
4174,화살,명,ㅎㅅ,0
13987,화요일,명,ㅎㅇㅇ,0
3510,화장,명,ㅎㅈ,0
1904,화장실,명,ㅎㅈㅅ,0
6516,화장지,명,ㅎㅈㅈ,1
1936,화장품,명,ㅎㅈㅍ,0
4175,화재,명,ㅎㅈ,1
1985,화제,명,ㅎㅈ,1
2303,화학,명,ㅎㅎ,0
3061,확보,명,ㅎㅂ,1
5841,확신,명,ㅎㅅ,0
2788,확인,명,ㅎㅇ,0
3845,확장,명,ㅎㅈ,0
3783,확정,명,ㅎㅈ,0
7153,환갑,명,ㅎㄱ,0
281,환경,명,ㅎㄱ,0
3062,환경오염,명,ㅎㄱㅇㅇ,0
8282,환영,명,ㅎㅇ,0
5575,환율,명,ㅎㅇ,0
689,환자,명,ㅎㅈ,1
5576,활기,명,ㅎㄱ,1
309,활동,명,ㅎㄷ,0
3963,활용,명,ㅎㅇ,0
2730,회견,명,ㅎㄱ,0
4856,회관,명,ㅎㄱ,0
2036,회복,명,ㅎㅂ,0
389,회사,명,ㅎㅅ,1
3964,회색,명,ㅎㅅ,0
1730,회원,명,ㅎㅇ,0
537,회의,명,ㅎㅇ,1
5308,회의,명,ㅎㅇ,1
612,회장,명,ㅎㅈ,0
6168,회전,명,ㅎㅈ,0
5700,회화,명,ㅎㅎ,1
6939,횟수,명,ㅎㅅ,1
8633,횡단보도,명,ㅎㄷㅂㄷ,1
566,효과,명,ㅎㄱ,1
1694,효과적,명,ㅎㄱㅈ,0
7430,효도,명,ㅎㄷ,1
3903,효율적,명,ㅎㅇㅈ,0
9421,효자,명,ㅎㅈ,1
149,후,명,ㅎ,1
2518,후기,명,ㅎㄱ,1
1803,후반,명,ㅎㅂ,0
2541,후배,명,ㅎㅂ,1
1256,후보,명,ㅎㅂ,1
2262,후춧가루,명,ㅎㅊㄱㄹ,1
7678,후회,명,ㅎㅎ,1
1408,훈련,명,ㅎㄹ,0
2542,휴가,명,ㅎㄱ,1
3258,휴식,명,ㅎㅅ,0
5070,휴일,명,ㅎㅇ,0
6169,휴지,명,ㅎㅈ,1
10353,휴지통,명,ㅎㅈㅌ,0
3384,흉내,명,ㅎㄴ,1
1409,흐름,명,ㅎㄹ,0
4962,흑백,명,ㅎㅂ,0
3619,흑인,명,ㅎㅇ,0
2732,흔적,명,ㅎㅈ,0
1715,흙,명,ㅎ,0
3024,흥미,명,ㅎㅁ,1
5441,흥분,명,ㅎㅂ,0
2431,희곡,명,ㅎㄱ,0
1529,희망,명,ㅎㅁ,0
4963,희생,명,ㅎㅅ,0
1999,흰색,명,ㅎㅅ,0
224,힘,명,ㅎ,0
5000,동경,고,ㄷㄱ,0
5000,베이징,고,ㅂㄱ,0
